MARKET_DAY,HE1,HE2,HE3,HE4,HE5,HE6,HE7,HE8,HE9,HE10,HE11,HE12,HE13,HE14,HE15,HE16,HE17,HE18,HE19,HE20,HE21,HE22,HE23,HE24
1/1/25,23.43,30.52,19.51,20.65,21.07,21.29,22.26,23.86,24.56,21.69,21.96,20.71,19.62,20.58,20.18,20.66,21.82,29.55,29.05,29.5,29.25,31.23,28.07,27.43
1/2/25,23.79,24.23,24.41,23.88,24.28,24.35,29.04,43.86,40.51,29.94,28.1,33.52,27.55,24.4,23.56,23.09,26.78,137.25,35.04,39.55,33.54,28.53,26.52,23.72
1/3/25,24.86,23.72,23.7,25.92,25.44,26.52,29.31,31.62,36.24,75.88,25.48,25.64,24.63,23.45,22.64,22.76,23.24,26.24,31.72,32.26,29.57,28.52,26.97,25.58
1/4/25,22.89,24.04,23.85,23.71,24.01,24.75,25.38,28.32,26.98,26.41,27.45,26.77,26.39,24.69,25.96,27.09,28.79,28.16,34.55,32.95,32.82,30.15,27.4,25.56
1/5/25,26.72,25.88,24.39,23.68,23.36,23.52,22.7,23.83,24.01,24.79,25.4,25.97,26.12,27.38,26.59,25.7,26.54,26.95,29.78,29.57,29.91,25.99,25.93,23.18
1/6/25,22.62,23.03,22.2,22.1,22.72,22.61,23.49,24.79,26.19,27.65,30.92,30.13,29.7,27.76,26.35,25.75,25.91,28.24,34.63,34.31,32.26,30.94,30.2,30.55
1/7/25,29.54,30.01,30.42,31.35,31.95,32.5,34.04,44.02,41.31,37.95,40.13,42.92,31.04,30.58,30.4,29.79,29.87,38.87,39.19,43.32,42.23,38.15,33.79,32.32
1/8/25,35.79,36.72,36.16,35.54,34.69,34.34,39.56,56.74,47.69,33.32,33.52,28.46,27.23,26.39,25.82,25.46,25.88,30.48,35.62,42.1,38.95,43.52,35.33,29.96
1/9/25,29.29,31.94,28.09,31.93,29.82,42.45,64.62,49.43,41.68,31.44,28.4,31,29.09,28.59,30.19,33.47,34.66,37.97,43.49,38.5,35.68,33.67,31.94,28.83
1/10/25,28.48,27.44,27.15,27.38,26.11,26.06,29.19,34.84,33.69,35.13,34.11,32.38,32.3,32.73,31.82,30.5,29.82,33.35,40.75,40.83,39.76,36.67,34.09,33.13
1/11/25,31.29,28.7,30.56,30.36,29.11,31,28.67,29.32,29.69,29.59,27.75,26.2,25.56,24.42,24.41,24.14,24.14,26.46,30.37,33.62,31.71,29.38,29.42,28.08
1/12/25,28.3,27.53,26.96,26.58,27.06,28.03,27.17,30.02,29.86,28.92,31.06,28.26,25.97,24.95,24.6,24.67,26.32,32,39.19,34.08,33.27,30.61,29.06,26.66
1/13/25,25.87,25.55,25.37,25.19,24.98,25.13,26.36,29.38,64.48,26.82,26,26.11,25.5,24.05,23.12,22.11,23.08,28.41,28.77,33.1,39.92,36.58,31.49,37.35
1/14/25,26.23,26.77,26.35,27.99,29.2,31.76,47.05,69.03,40.89,34.51,35.65,32.12,26.62,25.59,26.12,25.68,26.95,39.24,73.56,47.12,55.42,54.38,38.95,35.06
1/15/25,32.71,35.97,37.94,37.58,38.17,44.46,57.31,216.57,49.11,35.44,31.94,29.34,26.9,24.32,24.09,24.49,28.19,32.56,34.73,33.79,31.33,29.8,28.89,27.86
1/16/25,24.9,26.36,26.3,23.06,26.37,26.87,30.41,47.64,36.63,36.01,31.87,29.03,26.52,24.91,23.77,20.53,24.16,28.89,34.57,34.41,42.7,33.14,32.78,28.21
1/17/25,28.8,36.76,32.63,37.53,30.27,32.65,41.03,291.16,102.24,27.06,28.27,26.37,28.92,28.24,28.92,30.11,37.65,35.66,124.28,146.85,55.6,42.06,75.69,35.88
1/18/25,33.78,30.11,30.02,32.12,30.91,34.53,29.17,27.75,32.03,33.55,29.08,27.76,22.41,16.35,14.59,18.02,19.4,24.13,28.24,31.45,30.61,34.27,37.31,33.88
1/19/25,31.3,29.32,30.89,29.79,33.55,32.46,46.07,56.39,65.99,68.34,56.47,39.03,32.78,32.05,23.68,24.19,33.97,58.9,125.57,101.84,67.96,66.61,65.58,59.6
1/20/25,62.69,64.14,64.75,65.95,70.02,73.27,83.28,120.29,91.83,64.32,57.78,58.49,52.7,43.95,41.01,45.09,58.68,85.6,99.06,93.64,93.09,85.08,96.78,87.29
1/21/25,89.77,80.87,77.4,73.04,88.77,92.29,90.59,183.58,171.75,188.75,114.46,170.49,199.51,74.46,78.89,76.1,128.67,274.02,425.85,246.4,231.09,199.06,99.62,92.59
1/22/25,74.93,72.26,69.84,69.75,68.83,70.97,101.43,230.17,205.76,66.04,43.55,40.59,37.54,34.53,32.55,29.39,28.79,39.82,66.46,56.96,62.07,57.07,41.66,36.24
1/23/25,31.61,33.94,38.12,33.02,35.13,35.43,52.01,22.5,37.38,15.71,34.05,26.97,22.19,24.75,24.06,23.01,19.77,22.4,20.51,44.68,36.14,40.79,34.55,31.97
1/24/25,28.47,37.37,18.08,27.6,31,38.27,22.8,140.21,59.15,-57.75,28.57,29.3,26.03,23.76,23.51,22.56,23.77,26.73,29.94,34.3,35.76,34.67,33.74,31.27
1/25/25,38.58,35.32,33.71,32.94,34.49,42.42,44.52,48.22,38.81,35.52,33.74,32.39,31.26,29.84,26.03,21.06,22.44,30.04,35.1,30.88,29.71,31.86,29.45,26.83
1/26/25,27.22,27.43,29.2,29.42,29.17,29.46,32.86,35.62,50.68,33.57,30.29,29.89,26.81,26.58,25.56,24.77,28.17,71.25,41.09,35.12,45.24,33.13,26.92,23.24
1/27/25,24.7,23.36,24.5,24.48,25.21,25.05,26.45,35.68,41.85,20.83,24.68,23.58,22.83,18.99,20.44,18.31,19.93,26.63,31.39,35.54,90.59,30.54,28.16,27.13
1/28/25,26.49,27.11,27.15,27.29,28.01,28.57,34.51,52.7,75.54,26.72,28.04,27.19,24.08,21.5,19.64,16.93,25.25,27.71,34.26,32.68,29.46,28.23,28.18,26.16
1/29/25,25.01,24.38,23.16,22.49,22.92,24.6,27.92,34.21,27.18,23.77,23.88,23.21,23.09,22.84,22.42,22.29,27.8,59.01,38.48,117.57,33.02,44.35,29.5,27.06
1/30/25,27.93,26.79,25.33,21.21,24.71,24.77,27.37,37.03,106.19,23.54,25.26,27.98,29.64,30.67,44.63,26.75,40.93,33.32,41.45,34.28,34.39,32.21,32.57,26.57
1/31/25,21.48,21.19,21.49,20.6,19.07,18.15,21.82,24.11,23.88,23.42,22.67,22.33,20.31,19.41,17.54,19.08,18.91,23.64,25.1,25.26,25.89,25.37,24.38,22.44
2/1/25,23.9,23.11,23.05,20.97,20.16,21.8,22.9,28.05,25.39,22.53,22.21,22.79,22.32,21.77,21.15,20.39,21.9,27.6,29.01,33.38,37.67,29.74,27.02,26.73
2/2/25,99.41,28.22,28.2,27.26,28.95,29.29,30.15,36.77,164.4,24.42,20.69,19.47,17.66,17.8,17.77,17.44,17.14,23.95,28.67,28.94,38.02,36.73,23.79,21.8
2/3/25,21.25,20.35,21.02,20.88,23.51,23.92,25.97,28.49,27.69,23.7,23.48,21.26,20.47,20.68,20.01,20.93,21.44,25.78,24.1,25.68,26.24,27.98,22.26,21.05
2/4/25,19.57,18.99,19.66,19.23,19.37,20.54,22.34,23.87,24.33,24.29,23.73,23.62,23.03,23.12,23.11,22.52,22.81,24.66,30.24,29.67,31.3,31.15,29.93,28.36
2/5/25,24.5,23.01,22.67,22.3,22.48,23.82,26.71,29.19,27.86,68.9,29.68,28.1,27.82,33.61,33.55,33.89,31.16,38.58,56.85,45.85,55.86,39.78,37.6,28.18
2/6/25,30.04,23.23,22.65,22.73,23.75,23.82,27.65,30.62,33.96,29.3,28.9,27.93,28.15,27.39,25.69,24.21,26.59,30.9,46.65,28.01,30.2,31.69,25.82,23.66
2/7/25,21.61,21.92,22.42,24.91,23.13,23.53,26.27,31.82,26.88,30.19,29.96,30.89,28.42,27.22,27.06,24.17,24.4,28.46,31.56,31.21,27.51,24.64,24.93,24.1
2/8/25,32.6,28.86,26.86,24.95,24.02,23.5,24.77,25.07,27.69,28.31,28.68,29.49,28.94,22.99,23.39,19.63,20.35,24.78,28.16,33.91,28.96,28.13,26.8,26.94
2/9/25,24.37,23.28,23.94,23.6,24.22,24.31,24.65,26.03,27.42,28.06,28.16,28.43,29.59,28.62,32.11,29.69,28.13,29.2,31.27,28.84,30.18,28.28,28.61,29.19
2/10/25,28.53,27.31,26.56,27.42,27.66,29.11,27.65,35.32,30.92,24.86,30.08,31.2,27.13,25.59,26.15,26.47,32.23,39.87,67.85,35.19,33.54,29.94,30.31,25.66
2/11/25,27.78,27.27,24.95,26.33,27.48,27.59,31.35,35.31,34.06,36.3,36.57,35.61,34.7,34.29,35.87,35.94,38.27,39.92,47.74,44.92,42.81,38.86,91.28,55.32
2/12/25,27.21,29.11,28.49,28.32,26.63,27.09,29.22,32.01,34.29,38.97,42.89,40.5,40.26,39.81,38.23,34.02,32.43,33.49,41.06,42.71,37.96,34.83,29.66,28.24
2/13/25,27.55,27.97,26.8,26.12,25.83,25.4,28.83,38.12,37.93,95.72,87.52,40.62,32.55,34.06,29.1,28.09,26.58,27.34,49.14,42.26,38.98,42.14,40.23,31.05
2/14/25,34.65,34.86,33.12,34.1,38.83,40.68,67.88,239.65,61.77,44.03,50.41,27.1,26.82,28.45,27.92,25.47,31.72,36.48,85.67,44.02,39.44,38.36,59.05,40.33
2/15/25,32.95,38.95,35.78,34.79,32.05,31.53,29.9,30.14,30.98,33.1,36.43,43.72,41.72,45.38,32.83,23.75,24.75,27.66,34.43,33.8,36.9,41.22,35.42,37.17
2/16/25,48.43,35.77,34.73,33.39,37.56,32.91,30.59,31.53,33.97,272.07,57.71,58.33,34.51,34.25,30.32,30.13,29.2,30.92,39.28,40.91,46.44,42.32,39.6,34.08
2/17/25,30.54,29.94,30.96,31.09,31.61,33.32,36.41,39.5,37.25,30.05,31.96,30.64,30.06,28.69,27.86,27.65,29.34,31.92,53.09,75.8,61.08,53.73,50.88,43.31
2/18/25,45.01,43.54,44.8,45.13,40.63,46.41,57.68,61.99,54.52,55.36,56.65,50.74,41.93,41.52,37.71,40.24,42.96,51.58,57.53,57.86,53.47,46.55,48.07,48.83
2/19/25,46.05,47.98,50.38,52.56,58.26,44.41,59.3,139.09,56.17,68.74,83.24,62.3,59.01,59.54,59.31,58.26,60.88,66.27,416.93,887.59,79.17,130.13,88.55,100.07
2/20/25,79.58,89.72,88,104.63,96.9,74.35,128.42,367.29,125.29,75.5,70.28,64.92,66.29,57.88,55.1,53.08,50.49,62.17,154.03,97.94,117.07,115.27,91.5,85.85
2/21/25,77.99,85.99,85.5,89.11,88.08,89.94,149.59,215.77,99.3,51.35,44.45,41.42,40.27,37.95,33.22,34.55,34.53,41.83,51.71,49.72,47.17,43.72,46.87,43.23
2/22/25,48.77,51.83,49.3,52.68,51.38,52.57,53.68,53.12,48.59,38.81,38.17,31.27,29.74,26.84,24.35,24.39,26.16,32.12,63.24,53.18,32.92,33.31,33.21,32.46
2/23/25,33.85,34,39.16,47.31,41.44,45.99,43.38,42.83,35.79,33.81,34.99,39.52,37.47,44.22,38.88,44.57,44.99,58.01,49.64,60.56,43.79,38.89,36.04,32.61
2/24/25,30.35,31.9,32.35,32.16,36.05,41.32,54.46,120.68,37.41,50.91,58.8,44.34,33.49,29.33,27.3,28.23,29.41,31.79,102.21,38.48,38.55,33.56,32.98,29.84
2/25/25,28.26,28.16,28.4,28.42,27.64,28.54,35.88,45.1,36.68,30.85,23.63,23.68,23.41,22.53,22.19,20.62,21.08,29.75,46.48,32.52,28.61,30.15,28.26,33.3
2/26/25,30.82,29.02,30.79,29.67,34.27,46.51,41.79,39.47,37.61,24.6,24.68,23.54,21.39,19.65,18.16,20.88,26.12,32.38,37.08,37.33,36.88,39.23,32.01,25.54
2/27/25,21.64,24.77,24.46,23.7,23.37,26.34,39.57,29.21,29.35,23.71,23.56,19.74,16.04,7.97,14.98,10.29,12.57,20.06,30.1,32.78,33.03,31.33,28,33.4
2/28/25,31.4,30.46,28.26,28.97,27.37,26.84,41.41,103.37,20.03,13.13,24.24,22.38,18.58,10.48,9.24,4.89,12.33,28.28,44.28,27.15,25.9,28.34,28.94,29.13
3/1/25,23.88,23.38,23.64,23.66,24.84,27.29,28.51,35.41,24.83,14.77,23.18,23.55,23.11,20.1,22.85,23.64,19.49,24.51,32.53,40.13,32.93,49.87,42.79,35.23
3/2/25,67.13,318.22,37.51,34.93,37.38,46.88,57.3,30.55,28.59,27.3,26.19,26.01,26.47,25.37,22.39,15.81,18.16,28.99,53.35,34.68,33.64,40.6,32.34,28.27
3/3/25,27.38,26.7,26.02,27.04,23.72,23.68,28.94,40.87,31.29,27.64,28.36,26.11,22.44,20.59,18.59,17.23,25.14,27.18,27.68,30.71,28.62,29.55,29.37,29.67
3/4/25,30.59,27.47,28.24,30.59,30.86,27.69,36.93,30.44,29.73,31.77,39.84,34.51,38.44,35.34,51.68,36.08,29.72,33.42,27.61,29.21,29.7,29.56,25.72,24.91
3/5/25,27.96,25.16,24.02,23.52,23.71,27.58,44.41,36.03,33.92,29.76,36.53,30.21,27.14,33.57,35.06,28.59,20.97,38.65,102.95,51,63.38,51.36,35.65,29.54
3/6/25,25.74,26.58,26.19,27.28,28.46,31.45,37.4,58.87,38.58,31.01,33.1,28.57,26.48,24.97,25.08,25.64,25.33,29.86,93.75,83.97,72.65,67.07,50,61.7
3/7/25,42.77,38.9,39.52,57.11,42.16,33.9,54.48,132.61,37.92,39.66,45.81,30.29,28.44,28.12,26.3,28.58,27.49,32.09,39.35,37.46,32.06,29.6,30.18,29.04
3/8/25,32.13,28.51,30,30.36,30.02,36.96,39.96,37.5,30.86,29.69,30.07,25.7,23.72,23.31,21.18,22.83,25.53,34.02,46.42,51.38,39.1,32.46,36.17,31.21
3/9/25,29.12,25.51,26.12,29.03,28.24,31.3,33.56,36.31,29.48,25.17,25.25,24.72,17.75,14.35,5.01,10.16,22.44,73.39,126.98,42.12,34.63,34.38,27.73,27.67
3/10/25,28.53,28.03,29.17,33.54,42.05,48.14,250.68,87.36,20.09,29.21,31.07,22.81,16,5.61,6.57,11.03,18.53,106.06,294.85,134.22,33.26,28.56,26.83,24.34
3/11/25,19.83,19.07,20.26,20.23,34.13,36.39,42.02,37.45,23.83,24.65,24.39,24.43,24.14,25.72,24.51,24.74,26.26,39.96,147.3,92.75,46.11,33.57,30.45,25.89
3/12/25,18.34,24.57,25.1,26.44,27.36,30.58,43.18,40.32,22.12,23.49,19.78,24.4,24.95,25.48,24.48,23.85,25.16,35.9,43.49,38.11,38.07,31.44,30.22,28.7
3/13/25,28.51,26.94,27.19,26.31,28.33,34.77,41.57,37.52,27.14,25.2,26.21,25.83,23.63,30.31,28.88,38.81,35.86,48.18,41.47,37.42,34.6,47.7,37.12,32.58
3/14/25,25.74,22.8,20.15,21.98,23.86,29.13,34.12,29.11,23.8,21.35,21.39,32.88,28.32,28.98,23.62,18.6,26.18,38.23,38.78,55.2,31.23,31.3,82.42,48.41
3/15/25,34.27,50.21,36.02,34.52,27.63,29.72,30.16,32.38,33.53,78.84,25.41,33.38,22.77,10.68,16.05,25.96,30.08,31.27,30.62,28.93,27.83,24.25,22.1,15.56
3/16/25,11.3,20.63,19.72,18.48,18.44,21.34,22.78,21.88,23.36,22.64,23.4,31.12,24.21,27.44,24.46,24.41,24.62,22.76,36,61.09,48.97,34.16,33.03,28.67
3/17/25,23.74,29.27,34.11,62.11,39.5,44.87,113.37,56.54,28.47,26.01,26.92,25.3,20.62,14.09,10.24,16.02,22.09,23.14,31.52,43.56,49.93,30.84,27.15,27.43
3/18/25,22.46,23.53,23.25,22.74,26.67,28.66,37.49,32.62,24.04,25.75,24.39,24.53,25.46,21.85,24.18,26.51,28.31,43.67,50.91,51.6,40.51,34.4,26.1,19.22
3/19/25,-7.92,-7.29,1.89,12.44,26.39,33.23,41.47,29.77,33.8,23.86,22.46,24.01,26.87,37.05,37.39,50.98,38.47,48.08,75.09,41.38,42.45,32.47,24.62,22.52
3/20/25,12.87,16.56,20.96,18.96,22.07,26.45,30.13,31.02,31.04,33.12,30.01,22.53,22.08,20.14,24.1,35.77,20.56,26.49,42.45,48.44,58.45,38.03,70.17,27.74
3/21/25,49.42,30.51,40.37,37.86,37.79,49.84,182.85,40.98,33.69,19.1,19.37,14.75,14.19,8.85,3.58,6.16,9.75,17.42,33.76,35.51,30.98,29.72,26.14,23.51
3/22/25,25.19,28.24,27.13,27.3,30.14,29.53,28.73,45.79,16.58,19.2,21.72,16.24,13.04,11.54,12.77,14.13,17.54,31.59,61.86,34.87,33.68,34.15,29.63,24
3/23/25,24.62,24.56,24.31,22.63,22.39,25.2,27.03,25.68,25.89,34.22,29.1,27.04,18.91,22.09,23.42,28.77,32.2,31.55,36.54,36.6,32.36,33.49,34.53,27.92
3/24/25,22.95,22.67,22.75,22.95,25.84,30.88,56.83,34.1,24.83,25.27,22.51,11.73,22.46,23.21,23.08,21.59,20.52,25.93,35.07,38.53,39.21,29.85,29.39,29.98
3/25/25,27,24.93,26.36,28.68,29.36,32.08,41.42,75.88,22.85,28.43,22.62,18.28,20.33,22.09,23.48,27.39,30.75,32.56,46.73,49.76,38.44,35.53,40.58,33.46
3/26/25,29.82,30.77,28.22,30.91,32.37,36.72,68.14,29.54,26.34,25.7,25.18,25.26,26.11,27.13,24.72,25.19,28.41,34.74,46.89,52.47,45.78,60.88,47.01,29.3
3/27/25,37.59,24.76,27,27.4,29.85,31.5,32.12,26.5,28.46,25.35,24.68,23.69,24.96,28.63,26.19,29.37,33.55,38.28,57.57,65.75,52.23,39.21,34.51,30.51
3/28/25,30.25,29.6,27.98,33.19,29.87,43.74,70.88,34.5,35.23,32.84,32.13,28.63,27.55,30.97,35.39,157.45,48.01,60.07,101.42,226.92,59.7,40.18,33.88,32.15
3/29/25,25.91,28.03,28.75,29.74,46.27,32.16,35.1,38.31,79.68,96.27,43.62,32.17,43.88,31.29,36.83,47.81,44.36,31,69.14,75.64,37.25,88.3,33.23,27.77
3/30/25,27.43,24.02,25,26.01,25.21,27.16,32.74,27.93,34.15,31.57,28.35,29.18,26.47,26.85,30.05,58.17,27.24,31.06,54.66,44.33,65.07,117.07,32.44,29.69
3/31/25,25.51,23.44,23.15,23.65,23.42,26.5,37.82,49.55,32.11,29.36,27.33,25.49,22.45,27.84,28.24,20.69,22.73,26.82,184.9,65.87,48.91,80.77,32.03,28.23
4/1/25,26.32,25.39,23.53,26.72,26.94,33.61,42.29,25.66,22.22,23.95,23.96,23.67,22.66,21.31,23.71,25.1,34.73,41.89,43.46,49.24,46.55,37.94,32.12,38.19
4/2/25,26.9,26.66,24.94,24.93,28.15,34.33,119.04,42.75,44.29,111.83,48.65,65.23,95.28,37.48,43.38,112.74,147.07,68.61,56.47,85.45,69.54,59.37,33.06,34.43
4/3/25,32.14,29.83,29.29,27.98,33.69,38.44,38.45,37.46,38.19,41.82,87.72,43.03,44.08,64.6,47.73,44.79,38.33,42.56,46.32,53.93,56.79,41.85,65.31,59.22
4/4/25,37.63,33.86,28.32,31.82,36.86,88.39,98.22,44.09,38.41,185.95,38.4,53.02,60.19,43.8,176.43,50.32,50.24,52.72,41.34,53.09,52.94,92.39,61.86,43.06
4/5/25,45.32,35.6,36.62,33.47,30.19,33.79,33.89,55.45,38.81,39.48,144.49,76.57,57.76,71.19,68.76,49.72,53.04,45.51,42.28,864.08,60.58,51.09,231.16,57.97
4/6/25,32.32,33.17,28.89,30.81,30.25,29.11,30.6,32.62,29.48,30.64,30.01,31.58,27.13,27.76,26.97,30.38,31.55,29.01,29.75,37.15,33.05,26.58,27.14,26.37
4/7/25,30.23,29.74,29.25,36.82,37.38,51.55,119.39,35.1,26.98,33,31.08,26.07,24.95,23.42,24.25,22,28.97,22.52,31.14,40.8,38.3,41.5,32.79,36.11
4/8/25,29.25,31.25,34.24,37.82,32.45,37.13,134.76,29.4,24.19,24.21,23.07,13.76,13.66,20.53,22.56,21.53,22.47,18.69,29.06,47.27,38.86,35.71,33.18,34.28
4/9/25,36.89,33.98,33.33,-12.54,24,8.88,17.99,33.58,30.21,25.09,25.37,8.35,11.28,23.18,21.62,22.66,23.83,19.83,34.61,38.3,35.37,34.95,33.78,29.48
4/10/25,30.25,33.16,29.62,26.64,28.05,41.95,88.75,44.98,30.43,21.62,19.62,15.87,19.38,25.28,30.28,30.51,47.61,32.42,50.19,40.72,38.1,43.91,31.78,31.59
4/11/25,33.43,30.45,29.82,29.73,30.14,34.32,52.39,28.19,21.33,26.61,28.26,28.07,27.99,28.55,23.72,24.8,27.03,28.33,65,39.48,41.1,56.87,31.26,32.15
4/12/25,40.22,31.57,30.62,37.78,39.18,60.2,35.52,33.59,22.23,18.26,17.35,23.23,16.5,16,14.98,19.35,17.97,24.73,42.97,34.71,34.12,36.02,28.48,21.11
4/13/25,20.35,20.04,20.75,22.75,21.85,25.45,21.2,16.96,4.05,9.89,11.71,9.92,12.99,17.86,17.67,23.8,27.64,29.57,39.36,39.65,48.5,34.21,24.7,22.07
4/14/25,23.1,18.94,13.5,12.12,17,28.5,25.45,19.63,20.75,18.37,15.6,17.11,16.13,20.3,26.71,23.25,24.95,33.11,59.21,44.29,36.48,28.07,25.07,19.76
4/15/25,22.13,16.54,14.97,21.41,22.94,34.55,28.34,33.22,29.26,21.28,23.71,28.76,20,20.57,16.98,22.47,22.31,25.56,76.34,177.59,40.44,30.17,27.91,32.9
4/16/25,24.8,22.14,22.26,21.35,21.37,23.67,31.67,21.79,20.01,16.82,13.92,16.39,18.14,20.32,22.98,21.02,20.5,21.45,31.27,32.81,32.58,34.53,21.38,15.7
4/17/25,15.53,15.36,13.83,11.72,14.8,31.62,28.48,24.24,22.4,21.09,18.24,20.58,19.47,18.67,19.82,19.01,22.17,25.23,33.55,34.97,33.82,27.69,23.54,22.92
4/18/25,17.93,18.38,15.31,16.23,17.38,25.28,33.09,20.95,20.24,20.49,17.53,20.01,23.65,28.99,27,38.71,30.54,29.13,29.42,33.87,30.59,25.36,21.27,18.4
4/19/25,17.2,16.62,16.7,15.93,16.71,18.84,21.97,26.06,25.11,23.2,24.04,23.82,24.92,26.87,29.67,28.85,29.92,28.94,32.4,38.24,40.94,28.03,25.32,22.93
4/20/25,22.97,19.88,19.99,19.68,19.18,19.74,19.1,14.24,18.4,18.81,19.66,20.19,19.77,23.42,30.29,35.23,30.18,42.95,50.38,40.17,47.11,36.78,25.64,22.6
4/21/25,17.01,17.73,17.21,18.3,21.29,28.14,27.99,28.85,30.52,29.45,26.61,27.41,27.07,27.07,22.94,24.45,24.16,25.46,30.8,35.75,27.86,26.28,24.79,21.19
4/22/25,21.48,19.12,18.89,18.29,20.96,26.57,26.21,21.83,21.47,21.15,22.31,22.7,22.79,26.08,30.03,31.73,34.21,33.54,45.67,47.91,64.27,30.42,29.02,26.8
4/23/25,23.2,22.8,22,22.68,29.35,31.44,28.63,25.37,25.49,24.14,24.39,28.12,30.62,62.43,31.95,35.24,35.47,41.69,200.35,48.54,33.32,42.43,28.16,23.91
4/24/25,24.1,19.23,17.93,18.28,22.8,49.52,31.8,27.92,29.11,28.29,36.11,31.44,40.69,41.52,35.62,31.78,31.42,37.12,38.85,32.99,31.32,29.51,25.38,22.21
4/25/25,23.37,21.43,22.55,22.36,24.41,31.19,29.94,33.16,23.39,24.5,20.72,25.14,24.21,26.6,29.42,23.23,27.9,24.43,27.95,30.34,51.66,29.33,27.6,25.74
4/26/25,24.88,24.18,22.36,20.54,20.27,20.74,21.67,19.44,19.5,14.96,18.94,18.94,16.81,13.72,16.42,25.4,23.95,22.51,45.03,30.05,31.05,28.24,22.97,19.94
4/27/25,21.5,19.61,17.68,17.55,17.8,19.43,18.03,15.18,10.76,4.46,1.08,6.18,12.22,15.95,35.9,24.31,31.31,19.24,42.15,30.41,27.4,26.62,19.8,17.23
4/28/25,17.13,14.94,5.7,10.04,15.95,16.91,19.05,16.03,2.64,4.51,13.96,14.29,15.52,14.46,17.69,18.09,17.45,24.1,47.49,39.91,36.32,27.57,23.45,26.13
4/29/25,20.7,16.85,17.14,16.04,17.08,19.48,26.94,18.7,18.36,23.62,24.81,25.15,24.4,28.28,25.92,25.21,28.49,22.64,49.36,99.76,52.11,32.54,67.57,29.24
4/30/25,26.21,24.31,24.2,22.53,24.11,28.1,26.86,26.34,26.54,28.71,25.4,28.52,27.33,28.32,27.96,29.29,34.89,38.21,46.74,66.39,35.3,28.15,28.35,33.84
5/1/25,27.23,27.3,28.18,28.9,29.14,29.93,33.91,32.82,28.76,27.94,27.29,26.13,27.01,26.54,31.18,34.53,34.23,32.44,32.44,56.32,42.08,30.4,31.61,28.72
5/2/25,28.22,27.54,26.04,25.52,26.86,31.18,32.49,31.32,31.15,31.42,30.56,34.79,53.22,35.22,34.23,37.9,39.05,48.49,32.06,33.1,34.43,29.06,30.61,34.59
5/3/25,25.93,24.55,23.48,22.52,22.2,23.6,23.8,24.38,23.85,24,24.66,25.35,24.96,26.15,27.12,27.8,27.63,27.56,39.64,41.97,29.77,29.02,27.69,27.05
5/4/25,23.38,22.62,22.26,22.54,21.63,21.06,22.22,17.68,17.77,18.27,19.19,19.81,22.29,23.03,23.04,31.05,24.63,28.17,30.19,39.07,29.15,28.78,26.17,25.01
5/5/25,23.19,21.65,22.46,22.48,22.64,30.52,26.67,20.9,19.14,19.8,20.62,23.35,25.71,26.49,27.69,28.38,29.09,28.53,33.63,41.31,34.81,29.32,28.2,28.71
5/6/25,23.66,22.72,23.9,24.27,24.48,24.91,28.57,26.73,25.63,27.18,26.88,27.26,28.05,27.19,27.39,28.37,30.58,33.89,102.46,51.64,35.79,31.31,32.62,27.46
5/7/25,24.12,22.98,22.89,24.19,26.47,27.66,28.57,27.81,29.02,28.9,26.73,26.83,25.14,26.57,26.18,25.85,26.9,28.55,33.44,35.9,89.3,38.53,26.18,27.28
5/8/25,25.53,22.97,23.45,22.56,23.39,26.92,27.19,24.68,25.13,26.36,24.77,27.11,25.89,31.32,35.38,24.34,66.05,17.9,42.13,66.9,53.98,32.77,30.95,28.6
5/9/25,23.21,23.53,24.1,24.29,25.17,26.96,28.04,25.43,26.06,26.62,26.12,25.93,26.33,24.1,22.35,23.2,24.3,24.88,28.45,27.77,27.57,27.97,27.77,27.62
5/10/25,21.28,21.42,24.04,22.1,21.21,19.81,18.02,17.33,19.77,21.1,20.98,21.09,21.11,20.96,21.03,21.56,24.95,24.17,24.89,28.77,28.33,25.94,24.11,24.97
5/11/25,23,19.68,19.16,18.43,17.9,17.76,18.74,14.73,19.48,20.97,20.93,22.08,22.88,23.7,25.62,26.82,24.33,27.92,76.4,41.55,34.25,24.82,22.04,22.01
5/12/25,22.58,22.16,22.37,21.46,21.78,27.4,29.68,29.74,31.24,28.49,38.83,46.04,39.62,29.2,28.84,27.12,31.56,31.78,38.71,43.41,61.12,34.75,26.79,26.78
5/13/25,23.88,22.34,22.81,8.55,0.95,21.35,31.49,31.06,32.93,26.46,25.5,27.4,28.13,33.42,37.67,26.88,31.74,33.61,38.92,45.15,95.29,46.9,31.47,10.82
5/14/25,3.16,11.58,20.85,23.33,25.91,31.43,54.88,28.22,28.42,31.11,33.01,38.26,38.57,44.36,40.05,40.66,46.78,42.06,45.25,60.19,46.02,43.76,40.26,34.23
5/15/25,28.26,27.69,23.69,24.23,25.47,32.24,28.94,21.07,23.77,28.15,27.01,45.22,51.19,53.3,65.1,100.77,117.47,122.85,141.92,43.52,48.07,38.06,34.05,30.45
5/16/25,31.66,25.29,24.93,25.15,27.14,28.98,31.4,30.7,30.95,29.77,34.32,36.5,49.46,47.53,54.23,39.94,52.93,41,48.58,41.1,37.04,28.83,30.66,25.13
5/17/25,34.71,28.65,25.44,21.91,19.89,19.77,20.23,15.48,16.56,17.33,16.1,-12.52,-7.83,-20.93,-16.91,-3.86,4.1,29.64,30.85,27.71,33.21,25.71,23.76,24.47
5/18/25,23.08,21.67,23.6,24.82,24.34,23.47,22.53,22.43,22.9,22.19,21.51,19.5,19.69,21.28,3.67,-20.37,-15.95,8.32,45.6,37.99,37,41.86,27.24,28.19
5/19/25,24.15,22.65,20.93,22.06,23.6,27.59,26.38,25.28,31.28,26.24,28.16,32.78,29.63,36.38,33.95,49.81,45.66,77.16,87.32,96.16,40.57,33.67,30.07,25.99
5/20/25,23.55,23.76,23.22,24.08,24.66,26.9,30.49,31.42,28.71,29.86,30.82,38.62,32.74,30.44,27.12,23.7,-0.86,58.47,33.83,46.05,403.75,32.36,52.23,28.12
5/21/25,27.43,25.81,24.03,24.38,25.21,27.9,28.31,28.11,27.78,28.76,31.43,33.46,27.14,25.86,26.61,26.19,28.13,28.91,57.67,65.87,49.07,43.81,30.39,27.45
5/22/25,23.13,22.01,20.95,21.41,24.34,25.74,30.65,24.6,23.58,24.09,23.93,26.01,25.1,25.47,23.56,25.53,26.59,26.48,31.36,50.73,67.1,78.75,33.19,31.52
5/23/25,27.72,24.9,24,24.01,25.53,27.35,25.51,23.83,23.06,19.8,17.6,14.19,10.31,8.38,-8.83,-18.28,-26.57,-16.04,23.32,27.87,26.71,25.14,27.99,34.15
5/24/25,28.62,24.44,24.14,23.12,23.75,23.77,22.05,19.15,21.24,14.78,-40.18,-173.08,-163.74,-194.29,-123.3,-105.85,-135.08,-57.11,-44.21,-20.11,7.01,4.02,19.68,20.82
5/25/25,23.44,22.25,23.83,22.95,23.33,20.44,19.32,19.51,20.36,16.54,11.87,-51.34,-94.99,-170.62,-170.7,-200.73,-265.2,-165.19,-94.35,-88.98,-87.74,-21.84,22.68,23.54
5/26/25,22.21,20.39,21.42,21.86,24.4,22.8,20.09,16.49,18.14,18.29,6.77,-33.71,-67.12,-62.8,-76.4,9.16,26.09,29.19,29.23,31.28,30.69,28.63,27.06,26.24
5/27/25,22.58,21.54,20.29,21.29,22.38,23.49,25.24,25.56,26.02,24.35,24.44,24,21.77,21.95,20.82,11.09,-11.93,-16.57,10.43,25.48,25.22,27.56,24.8,27.03
5/28/25,25.49,24.25,23.79,23.84,25.68,25.47,25.72,24.9,24.51,28.35,29.63,30.17,32.91,31.3,35.05,33.12,33.16,32.05,33.33,35.18,33.84,31.34,31.35,31.93
5/29/25,26.87,25.23,23.95,24.1,25.28,27.14,28.22,28.11,26.91,29.06,28.04,30.2,32.99,34.36,33.2,35.75,38.16,35.01,33.87,42.39,40.21,32.08,32.29,27.83
5/30/25,26.64,23.83,25.4,22.92,25.85,24.28,25.26,22.34,24.08,23.95,22.98,21.79,23.09,21.92,25.26,25.12,26,26.52,27.88,30.95,28.18,24.33,25.26,23.42
5/31/25,20.56,20.94,18.77,17.28,18.17,17.87,17.66,16.56,18.35,17.81,19.14,19.72,18.71,19.57,22.11,22.88,24.54,24.05,30.43,30.74,28.87,25.99,22.31,22.53
6/1/25,17.79,18.48,20.03,20,19.77,19.23,18.22,15.89,15.45,14.74,17.64,18.71,18.99,16.74,14.32,13.02,18.03,22.8,52.03,28.54,26.7,24.56,24.22,22.17
6/2/25,19.03,19.14,17.18,18.32,20.69,22.17,21.7,19.79,20.59,21.76,21.02,18.7,16.39,17.88,13.68,18.4,21.36,26.43,36.59,38.05,30.13,25.43,24.7,24.32
6/3/25,18.95,17.37,16.74,16.7,17.44,19.18,22.8,21.92,20.82,19.95,19.76,20.99,22.48,23.37,29,27.13,30.39,32.6,35.21,36.77,40.1,60.06,27.33,27.2
6/4/25,24.69,22.76,21.11,21.5,22.29,24.92,24.66,23.94,24.26,26.26,26.22,27.72,29.75,31.86,30.97,32.17,30.82,32.82,32.58,30.66,29.51,44.64,27.55,28.17
6/5/25,25.14,24.07,23.94,23.76,23.38,23.91,23.46,22.83,25.14,24.74,28.22,29.16,31.01,33.21,35.7,37.87,42.54,38.9,40.54,37.36,38,57.71,29.47,65.63
6/6/25,26.73,24.75,24.31,24.57,25.99,26.81,26.75,26.39,26.87,46.54,37.53,41.85,40.03,40.63,54.95,49.1,37.99,37.13,39.34,40.04,40.36,49.82,32.03,27.41
6/7/25,24.37,24,23.06,22.31,22.33,22.01,21.93,23.04,25.31,27.64,27.54,26.37,22.47,27.86,30.22,31.48,56.52,35.27,42.89,35.51,44.36,30.62,27.9,24.97
6/8/25,23.98,20.27,19.69,20.4,19.19,18.79,18.21,18.07,21.52,23.05,24.07,25.03,29.19,33.14,32.34,33.4,42.45,37.81,45.03,38.18,30.52,25.73,23.76,20.36
6/9/25,21.17,19.54,18.07,18.58,23.16,26.74,29.33,28.8,22.46,23.04,23.95,26.34,27.47,27.92,28.86,37.67,25.68,28.41,28.26,44.91,33.08,31.58,25.64,24.4
6/10/25,19.98,18.44,17.94,17.83,18.65,21.28,22.79,20.92,24.23,24.2,23.61,22.38,25.18,28.53,29.44,29.56,28.35,30.22,34.28,38.62,30.2,41.76,28.22,20.96
6/11/25,19.58,17.86,16.27,17.34,18.53,20.51,22.45,20.85,22.25,22.31,23.49,24.3,27.87,28.7,27.97,28.61,28.97,34.85,42.9,38.42,30.13,29.25,26.51,23.33
6/12/25,20.26,18.81,18.31,20.16,23.52,24.6,25.05,24.6,27.68,27.9,29.52,30.6,34.14,30.04,35.54,40.94,44.03,64.36,28.65,30.11,30.35,30.17,45.54,25.32
6/13/25,22.14,21.32,20.53,21.6,22.96,24.63,26.56,27.59,26.44,27.06,27.46,27.98,27.95,28.04,28.32,30.23,32.35,32.94,32.54,30.73,26.85,24.96,24.14,23.97
6/14/25,23.15,23.41,22.16,21.9,22.43,22.9,23.09,23.7,26.21,25.39,25.49,26.95,28.12,27.09,30.9,36.13,31.91,29.97,28.38,26.36,26.56,26.96,37.3,24.41
6/15/25,24.4,22.86,21.69,20.33,20.6,20.99,20.43,20.9,21.91,23.47,23.78,27.13,26.36,28.01,26.87,26.44,25.83,26.33,26.46,26.55,26.08,24.58,23.9,23.8
6/16/25,18.62,15.97,16.06,16.29,18.41,22.59,22.3,22.28,22.48,24.56,23.57,23.75,23.55,25.28,25.45,28.51,26.86,29.84,28.64,27.68,26.35,25.72,24.81,25.24
6/17/25,24.19,22.77,21.53,21.64,23.66,27.38,26.05,26.5,29.36,30.74,34.81,43.93,34.12,61.44,48.73,50.23,38.71,46.08,518.29,69.27,324.04,134.8,40.81,46.73
6/18/25,-29.46,26.93,26.71,26.37,28.18,29.42,31.62,27.31,27.48,36.68,33.93,36.95,46.05,41.65,52.12,42.18,37.23,37.03,38.7,43.69,40.94,37.43,36.67,62.93
6/19/25,28.46,25.98,24.48,23.84,23.59,24.23,24.47,24.69,27.03,31.57,34.24,39.57,36.14,36.41,35.78,40.82,51.57,41.75,41.17,40.08,34.39,46.07,29.81,26.49
6/20/25,25.62,22.97,22.71,22.87,23.29,24.08,24.27,24.14,25.21,31.54,34.93,32.92,37.11,34.53,43.7,57.87,49.92,41.47,41.32,65.79,47.16,37.59,42.91,28.06
6/21/25,35.1,24.56,23.95,22.91,23.46,22.49,21.57,20.42,21.34,24.56,38.44,60.42,47.58,67.85,56.93,53.51,103.23,116.08,118.71,204.34,128.76,224.2,68.15,40.79
6/22/25,32.2,27.43,23.77,23.73,21.77,21.93,21.35,22.2,29.93,31.56,37.63,45.6,78.09,43.13,46.71,46.76,68.04,129.19,191.97,168.03,64.24,89.05,49.2,31.66
6/23/25,30.58,27.02,25.25,24.47,25.31,27.9,28.57,31.59,31.47,34.1,34.65,87.24,51.38,46.27,39.86,43.28,38.02,82.64,262.07,234.34,95.74,93.84,31.05,29.65
6/24/25,27.23,24.06,22.65,22.14,22.13,22.52,22.11,21.75,20.8,20.45,28.47,49.94,41.74,61.64,37.51,66.1,49.46,76.66,453.51,247.77,96.33,30.87,29.21,28.75
6/25/25,25.81,23.11,22.69,22.3,22.3,22.52,22.37,21.85,23.38,27.17,37.68,32.4,39.21,36.91,35.8,34.77,46.04,40.03,41.47,44.82,37.15,32.6,31.09,28.94
6/26/25,29.69,26.16,24.91,23.71,22.74,24.64,24.25,23.68,25.13,27.37,29.62,32.2,33.88,35.11,36.1,38.23,35.58,35.33,34.41,33.3,31.58,30.33,29.58,27.53
6/27/25,25.59,24.71,24.21,23.13,23.24,23.18,23,22.7,23.53,26.01,27.98,30.61,36.31,31.84,30.37,31.05,31.62,32.49,30.8,30.63,29.94,28.74,25.86,26.07
6/28/25,27.09,23.56,21.24,21.03,22.36,20.55,20.25,19.39,20.18,24.64,27.06,30.97,30.99,29.99,30.19,29.71,30.41,31.63,34.7,31.01,30.14,30.13,27.54,26.91
6/29/25,23.87,24.08,23.23,22.42,21.35,20.73,20.23,18.79,20.74,24.89,25.66,28.74,34.61,35.98,33.45,30.13,31.16,52.36,30.55,30.76,29.96,46.55,26.44,25.28
6/30/25,24.43,22.73,22.27,21.96,22.2,23.37,24.66,22.59,23.45,26.73,28.67,30.26,35.51,38.27,36.19,34.9,34.16,32.91,33.52,34.46,32.48,38.83,29.76,29.45
7/1/25,27.03,23.87,23.17,22.52,23.86,24.02,23.55,22.47,22.45,24.67,27.56,22.71,27.87,31.87,30.6,29.1,31.2,32.07,31.52,32.4,31.36,31.12,30.38,27.75
7/2/25,26.2,24.71,23.04,21.94,22.92,22.62,22.81,20.95,20.09,22.77,26.42,28.2,37.17,39.64,39.02,61.53,44.47,34.38,37.1,39.09,33.97,60.41,28.15,25.68
7/3/25,25.23,23.11,21.13,22.61,22.47,22.55,21.84,21.69,21.67,24.02,26.15,26.7,33.13,29.12,33.14,30.26,28.66,27.94,27.62,28.19,26.97,26.69,25.34,24.31
7/4/25,23.57,21.35,20.48,20.66,20.7,20.34,19.9,19.08,18.76,20.87,23.41,25.02,26.93,28.37,28.42,29.36,33.49,32.37,31.63,36.28,30.28,27.96,27.15,25.6
7/5/25,23.01,22.8,20.65,20.43,20.19,20.43,20.45,19.4,19.79,21.86,25.38,27.7,31.97,33.38,29.16,30.6,29.8,31.48,34.28,35.41,74.29,29.88,28.57,26.16
7/6/25,23.95,23.04,20.74,20.5,20.46,20.6,20.38,19.71,20,22.79,25.94,28.83,29.52,36.96,31.63,30.06,30.26,31.77,29.75,30.26,30.54,27.74,23.86,25.09
7/7/25,24.26,23.02,21.95,21.48,21.87,22.75,22.43,21.41,22.24,25.2,27.02,30.88,38.64,34.03,41.96,33.29,33.71,36.05,72.33,121.13,30.9,30.18,26.97,25.48
7/8/25,24.35,23.06,22.65,22.51,22.67,23.13,24.15,21.15,21.44,24.05,25.88,27.6,29.71,40.36,32.09,31.66,59.33,33.67,33.15,32.47,30.01,33.54,28.99,26.77
7/9/25,24.96,23.6,23.11,22.61,21.66,22.45,22.1,22.3,23.35,24.7,27.18,28.42,27.97,29.93,30.31,31.46,30.27,30.03,30.66,32.3,36.27,32.89,31.89,27.06
7/10/25,25.36,23.43,21.75,22.63,23.38,24,23.73,22.82,23.74,25.09,28.5,28.78,34.01,40.04,41.41,40.43,55.48,30.44,32.6,42.03,80.82,109.59,69.76,25.1
7/11/25,24.99,24.88,23.98,24,23.52,23.73,23.76,23.78,24.52,27.53,28.5,32,38.39,39.84,36.25,30.86,33.82,34.35,34.21,33.35,35.94,64.16,29.78,27.91
7/12/25,26.43,24.08,23.34,22.95,22.51,21.71,21.97,21.35,22.43,24.19,26.7,34.43,32.33,38.26,44.28,39.94,32.93,31.96,30.52,30.84,31.41,39.28,29.75,26.52
7/13/25,25.89,24.98,23.41,23.05,22.23,22.51,22.38,20.89,22.29,25.61,28.33,33.05,32.48,31.68,31.43,28.08,30.37,29.9,30.28,32.06,29.3,28.21,26.65,25.33
7/14/25,24.42,23.46,22.95,22.5,23.2,23.9,23.63,23.75,23.62,25.36,29.46,30.58,31.37,33.44,35.51,32.55,33.02,35.51,31.95,32.15,30.64,30.14,29.5,28.36
7/15/25,25.52,23.42,22.74,22.88,22.81,22.43,21.6,20.87,19.53,22.74,27.18,29.15,32.34,32.05,32.93,80.02,188.4,53.27,57.13,40.44,35,37.16,30.16,30.35
7/16/25,29.05,26.85,24.15,26.1,22.76,21.91,17.15,23.94,23.84,27.53,30.62,31.34,33.14,33.34,33.64,37.54,36.45,34.98,36.68,35.84,36.83,33.74,31.65,29.21
7/17/25,27.93,25.96,24.83,25.06,24.58,24.67,24.08,22.72,22.72,25.07,28.71,32.8,33.98,33.4,34.86,33.35,34.94,32.66,32.94,33.92,32.96,31.75,28.74,27.6
7/18/25,26.2,25,24.02,23.73,23.73,23.99,24.34,24.46,25.33,26.79,28.56,32.1,40.27,35.94,36.91,45.46,66.29,59.94,40.61,40.55,42.85,39.95,32.41,29.79
7/19/25,26.47,25.11,23.62,22.59,22.84,23.15,24.02,24.06,25.07,28.87,30.52,37.51,37.47,35.63,38.32,49.34,69.51,47.14,53.53,60.88,50,53.87,35.77,30.92
7/20/25,28.04,26.91,24.1,24.12,24.31,23.34,23.75,23.61,24.66,26.45,28.02,29.36,36.56,40.88,106.17,46.09,136.7,168.05,119.45,108.16,47.83,58.31,33.72,27.82
7/21/25,27.27,25.27,23.24,23.01,23.42,26.02,26.32,24.7,25.52,27.96,41.21,29.17,26.95,30.71,38.14,38.28,49.63,56.02,48.79,43.57,44.53,54.29,31.04,28.27
7/22/25,24.65,23.93,23.15,23.18,24.57,26.15,26.08,24.87,24.55,26.81,34.02,32.42,54.21,38.58,40.76,46.47,44.18,45.73,624.85,185.25,46.8,92.31,32.15,35.98
7/23/25,28.58,25.44,23.35,22.82,23.83,24.17,23.34,22.15,25.4,25.01,28.43,28.66,34.75,36.09,42.26,45.29,40.51,44.32,48.49,43.44,35.46,32.15,29.81,38.86
7/24/25,27.48,26.16,25.14,22.02,24.55,27.21,28.26,25.35,26.42,29.05,35.08,44.18,36.63,36.11,33.42,32.12,30.31,29.66,31.8,30.38,34.86,28.3,29.09,28.52
7/25/25,27.66,25.75,25.02,24.39,24.57,25.04,25.19,24.6,25.26,27.72,31,37.82,36.97,44.47,51.16,54.71,39.73,32.61,31.99,32.47,33.34,32.01,29.71,28.73
7/26/25,29.18,26.66,25.58,25,24.51,24.46,24.46,23.22,24.56,27.13,29.01,31.82,33.24,32.53,35.26,30.76,31.3,32.47,33.83,33.54,51.09,47.26,29.02,28.09
7/27/25,26.82,25.18,24.22,23.53,22.48,22.92,22.19,21.89,23.47,27.33,30.97,38.23,38.48,60.84,127.75,54.98,44.29,45.59,43.02,43.62,40.5,35.55,31.53,28.5
7/28/25,24.82,22.87,21.23,20.69,21.47,25.23,-17.89,12.22,26.54,26.19,24.38,41.68,44.24,132.83,33.09,50.36,50.73,100.36,"1,615.12",582.52,315.59,114.63,35.42,32.56
7/29/25,36.24,28.22,23.53,24.44,26.82,31.54,30.98,30,12.18,30.72,37.51,39.34,68.93,100.22,139.27,32.29,33.7,52.5,124.35,141.49,78.74,47.83,33.2,30.4
7/30/25,27.5,25.67,25.29,24.56,24.29,24.79,25.08,24.82,24.1,26.75,28.7,47.52,36.29,50.19,627.56,28.37,27.85,27.98,24.6,24.7,25.22,26.28,26.41,24.45
7/31/25,22.34,21.05,20.87,20.6,20.87,20.92,21.4,20.57,20.96,21.52,23.5,27.13,28.36,33.03,29.52,30.77,30.52,31.2,29.59,28.87,28.01,26.26,27.17,25.95
8/1/25,24.43,23.28,22.87,22.45,22.66,22.92,22.92,22.51,22.91,23.24,24.27,25.56,27.25,28.91,30.21,30.98,31.28,34.93,33.19,29.25,28.68,35.03,26.59,24.55
8/2/25,24.02,22.79,21.64,20.81,20.77,20.96,20.39,19.17,20.18,21.23,21.57,21.98,22.76,24.15,25.94,27.22,27.43,30.16,26.46,26.45,27.02,25.91,23.25,22.12
8/3/25,19.39,18.3,17.56,17.1,17.62,17.83,17.52,15.15,16.08,17.48,17.43,21.24,24.62,22.91,25.47,29.54,28.77,28.31,28.22,30.2,35.55,33.26,24.64,24.08
8/4/25,22.83,20.8,19.81,19.02,19.33,20.05,20,19.02,18.53,19.56,23.32,24.84,26.77,28.54,27.39,27.94,27.94,28.07,28.18,28.83,28.31,27.53,25.92,24.91
8/5/25,23.33,21.02,20.71,20.29,20.06,20.89,22.38,20.45,20.85,22.92,24.58,26.28,28.84,28.49,29.46,29.67,28.86,28.84,29.05,29.49,29.66,28.47,28.23,24.24
8/6/25,23.16,5.46,17.98,20.68,15.82,20.12,12.94,18.24,18.31,20.72,23.58,32.83,30.85,30.39,29.36,29.36,35.61,43.22,70.07,30.94,30.5,38.5,27.19,27.28
8/7/25,24.43,23.33,22.85,22.72,22.74,23.02,22.53,19.41,19.02,23.37,27.44,28.63,30.1,30.5,30.39,31.29,31.1,28.03,28.89,31.04,30.78,28.35,29.26,27.65
8/8/25,25.43,23.54,20.48,20.08,21.7,13.04,20.47,22.87,22.96,24.33,26.36,29.26,35.87,35.5,31.54,31.16,30.55,29.63,72.62,30.93,42.36,45.72,27.8,25.79
8/9/25,24.15,23.11,21.9,21.21,21.13,21.49,20.58,19.31,20.19,23.61,26.16,26.98,28.28,28.56,29.32,29.11,27.48,27.54,28.22,28.68,28.88,27.42,27.41,25.92
8/10/25,24.9,23.8,22.58,20.86,19.71,19.7,19.26,18.73,18.54,19.77,24.51,25.62,27.57,29.28,29.42,29.76,29.8,145.23,269.49,38.36,56.76,29.7,28.98,27.89
8/11/25,25.76,24.39,22.81,20.95,21.91,24.22,24.7,22.99,22.19,23.86,26.74,30.34,31.77,32.28,29.92,32.7,31.95,31.88,31.35,44.1,58.82,49.4,30.69,25.05
8/12/25,24.32,23.88,22.51,22.58,21.18,22.23,22.41,19.82,19.66,23.29,26.37,28.05,35.7,30.82,31.21,30,29.83,29.86,38.39,42.4,39.49,44.31,28.6,26.07
8/13/25,23.99,23.22,22.41,21.68,21.17,22.74,23.9,21.83,21.87,24.09,25.61,31.4,38.48,104.1,41.11,56.17,68.77,38.35,36.96,42.14,45.48,31.37,28.37,26.63
8/14/25,26.05,23.4,22.26,22.04,22.5,23.02,23.05,21.88,22.54,23.91,26.24,36.32,35.1,34.14,43.99,82.18,38.62,41.9,45.24,45.22,151.95,28.76,28.47,26.13
8/15/25,23.46,22.64,22.16,5.99,19.95,17.49,7.49,-4.48,19.8,21.37,23.81,21.58,26.09,26.46,25.55,22.43,22.15,24.81,22.38,11.4,24.85,21.69,20.05,20.56
8/16/25,14.79,21.87,19.23,17.72,14.93,19.4,14.1,6.48,-5.09,23.34,23.92,35.44,29.39,29.09,29.62,28.03,29.21,28.1,30.84,32.89,35.56,36.34,28.16,26.83
8/17/25,25.65,24.77,23.46,22.22,21.93,20.97,20.18,20.28,21.82,23.67,24.93,26.19,31.37,31.2,31.44,34.64,36.39,56.15,44.6,36.95,37.97,26.29,30.02,25.06
8/18/25,22.54,22.39,21.23,20.55,22.41,23.09,24.2,18.56,21.11,25.55,28.24,27.89,41.87,31.81,35.49,34.4,33.34,30.41,31.59,28.98,29.22,27.23,26.71,25.15
8/19/25,22.71,22.19,20.97,20.48,22.47,23.16,23.75,22.73,21.63,25.07,26.95,34.31,40.95,41.23,39.02,34.02,24.58,25.21,28.06,27.23,26.76,27.06,25.34,23.55
8/20/25,22.82,22.88,22.41,21.63,20.49,21.91,22.39,20.45,20.41,24.2,24.93,28.49,28.54,32.44,38.07,31.71,33.81,32.74,38.82,29.63,50.15,26.89,25.68,24.32
8/21/25,23.39,22.93,22.09,21.73,21.64,22.2,22.41,20.25,19.1,20.16,22.19,22.7,25.18,30.82,31.76,28.79,27.77,28.15,27.55,28.49,27.52,26.04,25.19,23.45
8/22/25,22.65,19.31,17.78,17.53,20.35,21.78,22.04,20.02,18.55,20.94,23.49,26.02,26.7,25.52,25.15,25.91,26.4,25.55,25.69,26.17,26.37,25.67,24.21,23.35
8/23/25,23.49,21.61,19.32,19.83,19.75,19.96,19.96,17.88,18.01,20.24,22.45,24.64,24.32,27.33,27.26,28.36,28.76,27.67,31.46,29.58,28.3,26.35,23.9,21.63
8/24/25,21.52,20.76,19.71,18.58,18.41,17.95,17.98,16.12,16.56,18.78,19.34,20.32,22.65,23.27,26.72,30.09,31.32,27.8,34.19,30.91,27.89,25.37,23.59,22.5
8/25/25,18.99,18.44,18.3,18.9,22.9,23.09,23.56,20.24,19.7,22.25,21.3,23.37,24.72,27.5,34.02,29.9,27.51,30.05,32.47,28.21,27.09,26.03,24.93,24.13
8/26/25,20.54,18.59,18.79,19.09,21.28,22.31,18.61,9.49,16.7,16.4,18.63,20.18,23,27.01,31.39,29.08,26.44,30.07,34.79,30.45,27.65,23.8,23.32,22.16
8/27/25,18.6,18.3,17.49,17.57,19.76,22.73,22.65,17.84,16.42,17.39,19.08,21.31,21.68,22.39,23.71,28.15,28.32,32.35,33.45,31.25,27.65,24.32,23.09,21.86
8/28/25,19.44,19.48,17.56,18.57,21.93,22.79,24.79,23.24,22.3,23.64,25.25,25.22,23.05,28.14,28.94,27.05,32.61,41.8,256.65,26.01,26.56,25.22,24.01,23.54
8/29/25,23.38,22.61,22.48,21.86,22.2,23.08,23.51,21.9,19.07,21.27,23.54,24.46,23.06,22.04,22.93,23.22,23.87,24.12,25.4,26.08,26.2,25.67,25.18,23.41
8/30/25,21.33,21.06,21.16,20.77,20.39,20.67,20.78,16.97,11.29,12.9,17.11,19.99,22.84,26.83,32.47,27.34,28.96,28.26,30.61,29.04,29.01,26.08,23.64,22.39
8/31/25,18.88,17.5,17.57,17.1,16.97,17.69,17.53,16.5,15.79,16.08,16.25,19.53,26.68,27.92,29.6,29.48,30.44,31.96,40.7,31.41,30.12,27.07,23.31,22.88
9/1/25,21.01,19.68,20.05,19.36,19.98,21.56,21.42,17.44,12.62,18.84,23.33,25.74,30.71,37.93,37.69,40.64,40.71,43.4,790.31,35.39,34.58,29.03,25.95,23.14
9/2/25,19.24,19.77,18.9,19.05,22.06,23.59,24.13,23.38,21.32,21.46,21.78,24.4,41.08,49.26,46.57,51.47,52.14,99.14,43.48,39.32,33.01,30.98,43.15,28.95
9/3/25,23.37,22.42,21.01,20.51,22.5,23.54,22.57,18.39,17.17,17.78,21.41,25.43,32.19,36.25,34.2,36.97,35.79,31.17,61.63,31.96,26.97,28.09,24.78,22.62
9/4/25,21.15,21.77,21.04,21.38,22.55,23.41,23.33,18.04,19.09,23.86,23.14,23.87,30.66,35.28,45.19,50.18,34.65,189.74,221.19,37.88,33.13,28.54,23.74,21.52
9/5/25,20.88,18.91,19.01,18.6,19.26,23.21,26.09,23.95,19.94,21.14,24.03,29.38,50.91,36.2,39.37,58.48,46.79,31.52,40.04,34.25,31.18,29.44,32.93,26.5
9/6/25,25.08,23.78,23.6,23.54,23.35,21.39,21.15,16.02,22.45,28.87,21.46,19.95,18.95,21.13,21.17,23.71,24.71,32.04,35.69,37.33,28.92,29.84,31.16,27.93
9/7/25,25.13,24.52,24.75,24.17,24.06,23.74,23.8,19.98,17.7,18.48,19.57,21.87,23.28,23.19,23.2,24.34,25.11,32.05,132.44,36.17,33.13,25.57,21.89,20.21
9/8/25,19.11,17.65,16.99,17.38,18.77,25.64,24.14,20.29,16.06,17.56,17.97,21.01,20.1,21.85,21.39,24.96,24.5,32.67,80.21,37.73,27.91,24.8,24.11,20.62
9/9/25,18.09,17.3,17.28,17.07,18.9,26.48,25.28,18.68,18.26,21.68,25.05,31.44,27.09,31.64,39.08,38.49,37.37,38.31,57.97,69.91,38.06,29.77,27.29,25.73
9/10/25,22.93,21.25,21.39,20.23,22.81,26.61,27.64,22.5,19.55,21.2,25.84,30.96,47.27,44.84,70.09,54.45,36.98,39.79,38.8,36,36.65,27.84,28.21,25.5
9/11/25,23.45,22.32,21.46,21.68,23.77,24.98,25.89,24.04,22.86,24.14,24.47,26.37,29.47,29.56,32.56,33.95,34.08,47.1,135.34,34.47,24.52,25.12,22.94,21.13
9/12/25,18.75,18.14,17.45,16.66,17.25,21.25,23.39,20.3,18.43,23.14,22.01,24.3,25.78,29.07,34.8,34.06,37.27,58.95,47.2,37.01,31.91,30.23,24.58,23.83
9/13/25,22.14,20.6,20.73,19.8,19.67,18.59,19.36,20.21,18.37,19.11,23.75,25.03,31,32,38.59,32.8,33.98,40.45,36.96,35.16,35.25,25.31,25.1,22.89
9/14/25,20.68,19.76,18.88,17.69,14.15,15.55,13.03,10.72,14.53,18.78,23.37,24.89,26.35,29.91,33.97,37.87,38.64,58.35,42.99,39.94,35.28,24.21,22.92,21.71
9/15/25,20.81,19.32,18.69,19.31,20.01,10.02,18.92,-2.96,22.57,23.36,24.35,26.5,27.75,28.7,29.33,31.44,31.13,39.95,37.64,31.97,28.22,26,24.45,22.65
9/16/25,20.24,20.17,21.03,21.35,22.14,8.39,20.62,22.07,19.85,23.41,24.87,31.12,26.24,-231.94,-86.18,32.01,34.44,227.11,47.87,31.16,27.18,27.17,27.79,25.25
9/17/25,23.35,21.88,21.73,21.97,23.36,23.42,24.19,22.81,23.11,25.15,25.89,27.83,34.86,59.97,64.5,28.24,32.28,36,36.97,64.23,40.14,29.44,27.7,24.46
9/18/25,23.62,22.3,21.51,21.37,21.42,23.54,26.85,24.3,22.22,23.13,26.47,28.25,52.85,39,47.91,43,38.16,372.78,133.67,37.13,57.16,31.15,29.19,26.98
9/19/25,25.03,23.68,23.54,23.12,22.1,23.44,24.1,24.07,23.51,24.33,26.33,35.64,33.64,40.95,40.99,69.62,40.61,40.15,36.29,33.21,40.14,30.92,28.28,25.56
9/20/25,23.42,22.45,19.68,20.98,22.26,23.02,23.81,23,20.23,23.89,26,26.41,34.85,39.73,44.14,46.46,45.53,59.14,36.95,33.9,29.24,31.11,56.97,27.74
9/21/25,25.09,23.64,23.15,22.57,21.21,22.07,22.84,22.54,20.17,24.49,25.48,33.24,30.49,35.43,38.35,37.28,34.17,48.22,46.51,34.83,32.32,29.74,27.87,27.16
9/22/25,24.24,22.77,22.05,23.09,23.59,24.31,24.73,24.16,24.31,27.25,30.81,30.65,31.82,30.49,30.52,29.87,30.66,37.15,33.62,34.78,30.21,28.22,26.49,25.91
9/23/25,25.62,24.39,23.58,23.11,23.49,24.66,26.11,26.54,24.5,27.56,35.64,34.86,37.25,73.83,52.95,55.23,88.79,52.5,86.53,153.29,90.65,35.8,32.12,30.3
9/24/25,27.95,27.01,25.91,25.11,25.24,27.3,30.44,31.7,27.82,31.76,30.49,31.07,28.94,32.62,38.12,30.26,30.36,42.27,31.32,31.62,85.6,48.61,30.44,28.67
9/25/25,26.85,26.3,24.42,25.01,25.18,26.71,27.74,29.07,28.81,30.63,33.25,35.84,40.42,48.64,62.04,35,35.59,940.03,"1,355.73",47.9,34.88,55.78,52.22,26.93
9/26/25,26.48,23.38,23.25,22.93,22.39,22.42,24.39,21.9,19.01,21.96,24.1,25.46,27.2,27.31,31.14,30.11,29.45,52.88,36.12,29.34,27.53,27.1,28.22,20.09
9/27/25,20.76,18.26,13.53,13.29,15.65,18.34,20,17.41,15.28,18.1,22.56,25.17,26.06,30.1,28.56,28.69,30.82,38.47,35.37,29.73,28.02,26.81,26.81,28.92
9/28/25,25.67,22.44,20.23,19.36,19.66,20.48,22.82,18.93,-11.45,19.76,23.03,13.1,26.6,34.97,39.55,42.79,46.04,341.07,52.9,44.29,31.03,28.58,27.14,24.95
9/29/25,22.46,19.86,20.04,21.92,23.07,22.51,23.79,21.73,18.08,18.75,22.12,24.51,27.18,36.31,36.19,39.36,44.86,92.32,46.19,32.44,30.39,28.44,32.09,24.98
9/30/25,22.89,22.14,21.31,22.11,23.32,24.11,25.19,22.99,20.95,23.66,24.34,25.59,28.03,29.08,27.63,26.89,28.37,42.64,36.88,35.08,53.48,32.12,26.83,24.39
10/1/25,22.71,22.79,20.43,20.47,23.47,25.84,24.38,24.2,22.79,26.29,25.15,28.3,29.25,34.67,40.13,39.55,33.56,44.46,41.95,35.36,31.17,27.76,25.29,23.23
10/2/25,20.59,19.66,18.4,19.85,23.19,26.77,27.38,24.11,21.46,23.89,24.77,31.11,30.58,34.12,48.94,46.76,35.58,48.18,53.44,47.3,56.08,41.5,30.62,28.99
10/3/25,23.87,22.78,22.85,22.96,24.53,24.4,17.53,27.65,19.54,20.65,24.19,27.75,30.17,29.18,18.86,35.82,27.07,54.9,55.11,34.55,32.73,33.97,33.2,26.88
10/4/25,26.33,24.69,23.6,22.92,21.91,25.12,27.12,23.71,20.62,22.36,26.13,26.19,31.21,31.66,30.11,30.17,32.29,42.74,38.36,30.32,35.54,30.08,26.49,26.02
10/5/25,22.44,20.32,19.02,18.45,16.89,19.02,20.94,16.74,4.8,15.51,19.65,19.64,27.85,28.87,32.37,34.87,35.06,80.51,207.93,40.66,31.35,31.27,26.49,23.59
10/6/25,23.31,22.65,23.53,23.99,25.48,33.21,46.84,31.29,32.27,29.96,35.41,47.92,35.5,43.21,46.7,43.83,43.71,44.47,46.34,45.61,35.57,34.93,35.01,31.01
10/7/25,27.02,24.98,24.67,24.48,24.16,25.43,27.01,27.61,31.77,31.39,30.92,34.26,36.52,41.73,37.96,39.95,25.2,42.43,43.78,37.88,34.6,33.03,32.68,29
10/8/25,31.22,27.46,25.71,24.86,24.28,27.73,31.64,29.24,23.38,25.56,25.49,28.95,30.1,27.75,28.57,29.26,35.58,43.51,39.39,34.75,34.84,27.35,24.93,25.1
10/9/25,23.88,24.44,22.97,23.49,24,25.15,28.39,22.99,17.32,19.97,19.43,19.52,20.28,8.24,16.11,-17.09,-17.33,18.22,40.53,32.43,30.92,32.06,25.09,20.28
10/10/25,21.87,20.99,20.68,21.25,24.14,26.7,27.1,24.42,20.34,20.78,22.45,22.53,26.22,27.58,31.06,36.25,36.21,43.55,45.91,34.67,36.02,30.71,26.66,26.37
10/11/25,24.93,23.17,22.48,22.03,20.39,19.51,20.77,20.04,13.57,17.07,19.74,22.02,23.36,24.42,23.94,25.55,25.51,30.48,30.51,23.53,23.58,20.72,19.65,17.59
10/12/25,18.69,13.97,5.54,9.02,10.6,15.46,18.63,18.43,6.68,11.24,18.03,19.63,21.78,22.05,21.69,23.64,28.88,95.72,50.65,31.18,30.04,22.85,21.33,18.32
10/13/25,16.98,16.85,16.91,18.06,19.26,23.02,-4.18,1.1,9.33,13.01,23.56,18.44,24.57,22.44,28.17,34.21,31.1,64.8,48.5,5.69,48.13,14.23,26.22,-8.22
10/14/25,23.23,4.38,5.35,6.86,18.91,-3.46,-8.46,-32.51,9.27,12.47,19.18,22.59,25.24,25.55,25.82,28.29,29.13,40.29,25.15,23.92,28.72,18.62,23.86,12.36
10/15/25,16.31,22.93,22.42,22.11,22.56,22.81,24.42,16.1,14.2,16.16,19.86,23.89,22.98,24.69,25.98,30.06,31.5,88.35,47.96,34.5,31.52,26.07,25.58,23.4
10/16/25,25.12,22.5,21.99,21.17,18.87,17.39,19.63,17.22,14.54,18,18.94,21.89,22.47,23.73,24.42,27.04,57.66,202.65,81.35,33.13,27.53,26.64,24.66,23.92
10/17/25,23.58,23.58,23.56,22.2,22.91,26.73,27.7,22.52,21.52,18.08,19.98,21.7,22.06,23.91,24,25.62,30.06,48.67,28.65,27.31,25.7,24.55,23.65,22.7
10/18/25,22.53,22.04,21.57,21.37,20.37,21.79,22.4,22.37,21.08,21.95,24.19,23.08,21.77,23.3,31.27,52.74,120.1,31.89,26.76,28.98,27.22,27.33,23.37,22.56
10/19/25,23.28,17.81,18.2,18.22,19.01,19.45,20.8,24.77,20.02,18.3,18.92,20.16,13.18,12.48,15.07,14.35,19.69,46.87,28.75,26.75,23.69,20.17,20.15,18.14
10/20/25,16.56,14.47,17.16,18.69,20.06,27.32,30.89,26.64,13.95,13.51,16.1,16.43,15.63,15.07,15.34,16.13,22.55,32.57,29.75,28.14,25.59,22.18,18.03,17.36
10/21/25,16.51,16.52,16.69,17.31,21.08,29.54,32.21,24.77,16.68,13.83,24.13,25.08,22.13,19.98,18.87,24.84,25.41,48.22,43.99,33.57,33.82,26.32,22.71,22.65
10/22/25,22.08,22.67,21.78,22.62,24.71,29.06,50.47,54.45,22.74,24.79,24.77,24.83,22.63,23.28,20.89,21.48,25.93,41.06,45.43,38.19,37.19,44.18,28.63,26.16
10/23/25,23.96,24.21,23.95,23.91,23.69,28.45,98.86,337.02,20.89,22.89,23.28,24.57,24.17,23.49,22.42,12.53,29.29,39.73,37.06,34.05,38.05,50.93,28.01,25.92
10/24/25,24.36,23.89,23.54,23.47,23.78,25.06,30.98,28.43,21.51,24.58,26.37,26.24,26.58,30.61,32.58,28.66,38.96,30.05,28.17,34.64,32.84,31.69,27.05,25.01
10/25/25,25.07,27.87,25.49,26.62,27.89,27.84,30.17,29.83,28.07,27.36,26.83,25.77,24.88,25.93,25.17,28.82,34.71,41.92,36.89,38,29.56,30.12,27.78,22.47
10/26/25,26.57,27.23,24.55,23.69,23.28,24.56,27.3,28.16,22.95,23.17,21.95,24.49,26.26,23.57,25.32,30.02,36.45,33.24,36.18,37.78,34.95,28.51,24.58,22.68
10/27/25,22.54,21.2,22.32,22.57,25.16,35.07,37.95,124.34,27.47,26.2,25.22,26.86,27.7,29.83,26.83,32.39,44.76,60.84,112.48,35,32.06,29.14,28.13,23.43
10/28/25,25.27,24.81,25.13,24.88,26.39,31.05,38.7,31.94,27.82,30.61,28.39,29.26,28.14,30.54,31.24,36.93,62.34,88.24,78.72,56.97,48.03,33.65,24.52,28.17
10/29/25,26.56,26.81,25.32,26.66,25.56,26.62,39.55,27.79,22.95,27.02,27.93,27.47,24.32,24.78,25.23,23.56,27.76,26.74,27.97,26.23,27.64,31.3,28.84,27.17
10/30/25,26.22,27.84,27.21,25.53,26.45,28.57,30.01,28.66,24.26,22.55,21.7,21.45,21.33,22.33,22.49,21.51,20.85,27.77,32.19,32.73,36.69,39.83,28.26,25.46
10/31/25,24.84,24.69,23.09,23.63,28.89,39.56,39.76,33,19.68,21.24,20.88,19.3,19.42,19.26,19.67,19.59,24.43,34.38,30.89,31.93,28.76,29.14,27.91,27.35
11/1/25,29.31,27.49,31.92,29.85,32.06,34.43,32.15,36.55,28.61,28.03,27.69,26.62,30.03,35.94,40.9,42.1,30.29,36.97,45.09,36.64,36.2,34.22,34.87,34.06
11/2/25,32.03,34.06,35.2,31.95,33.08,36,48.48,31.22,25.96,24.05,20.8,23.15,24.07,23.61,24.58,14.1,31.17,95.54,62.01,42.01,45.34,38.27,30.24,27.29
11/3/25,24.9,25.1,26.45,27.11,25.76,27.52,34.41,37.44,24.63,21.47,26.37,24.19,23.46,21.68,20.72,19.23,26.95,40.51,39.67,36.12,60.84,38.65,70.77,33.59
11/4/25,29.93,27.04,26.38,25.72,25.42,32.54,38.64,54.59,22.58,19.68,22.24,19.91,20.22,19.89,19.97,21.81,20.84,30.79,25.9,28.93,27.49,26.05,24.93,21.53
11/5/25,22.55,21.63,22.23,21.33,20.7,24.01,28.07,32.3,10.1,17.89,18.28,16.75,18.82,19.98,20.05,19.79,28.59,34.86,40.48,33.57,29.44,31.87,30.86,30.71
11/6/25,26.54,26.13,25.31,26.42,26.7,27.69,43.06,59.41,24.13,20.92,22.04,21.75,24.23,21.99,20.45,25.59,42.61,55.96,44.75,43.59,38.08,36.81,33.18,27.46
11/7/25,25.76,24.44,24.29,25.87,25.71,27.46,33.69,30.41,32.05,27.26,29.11,30.55,31.01,30.47,27.86,25.65,25.77,39.49,32.87,30.18,32.4,43.32,32.69,31.55
11/8/25,31.21,28.75,25.51,25.27,26.76,30.97,25.97,27.11,28.28,26.56,26.32,28.81,31.63,34.16,31.5,30.58,42.86,46.18,39,39.78,29.44,31.51,28.45,31.21
11/9/25,29.65,33.25,25.99,24.26,24.68,24.96,26.17,26.8,27.52,27.45,27.62,26.43,29.49,28.22,26.4,26.91,28.23,34.2,42.63,34.9,39.91,34.14,32.85,32.75
11/10/25,31.11,32.99,34.37,28.8,30.74,28.52,30.39,35.54,37.56,31.46,30.4,29.44,27.57,26.79,26.73,25.11,26.55,281.35,42.23,40.09,48.31,64.61,42.01,42.68
11/11/25,62.04,41.93,47.42,41.97,41.93,31.49,45.37,172.65,43.19,36.55,34.24,29.5,28.77,30.31,28.16,26.5,28,34.19,39.6,119.7,201.69,29.16,55.42,21.07
11/12/25,42.28,31.2,33.31,38.89,37.53,36.19,50.47,58.86,33.45,22.92,27.33,29.37,26.26,23.89,22.42,23.9,32.1,43.78,39.2,35.23,34.01,33.67,32.31,34.05
11/13/25,28.45,26.94,29.85,29.94,30.77,28.14,53.13,50.72,32.42,25.68,24.51,24.3,25.42,24.86,24.28,25.18,43.39,48.88,35.01,41.56,31.57,31.51,27.57,27.16
11/14/25,28.89,28.4,32.95,28.63,26.93,30.36,32.3,36.79,32.77,26.21,28.31,29.56,30.16,30.68,29.83,33.75,50.37,45.34,176.13,28,29.51,31.61,27.61,23.6
11/15/25,21.7,22.13,21.31,20.68,20.57,22.29,24,25.24,26.03,22.96,24.3,23.78,25.47,24.1,22.22,24.55,29.89,34.43,31.81,29.68,28.34,27.6,25.49,26.22
11/16/25,24.5,22.07,23.5,22.58,22.77,23.36,22.99,25.26,18.98,20.72,23.09,23.25,24.84,24.92,23.83,24.59,45.55,44.58,59.4,37.99,39.97,38,27.82,28.73
11/17/25,28.19,27.71,27.49,26.02,26.4,26.95,25.87,28.04,43.69,27.19,25.48,27.71,27,26.02,25.45,25.02,31.6,37.43,37.93,35.25,37.21,35.52,35.57,30.23
11/18/25,26.66,27.32,27.78,29.06,29.04,27.59,29.38,32.97,36.29,33.71,33.55,36.6,40.59,66.93,48.96,45.72,41.58,43.7,46.07,41.84,39.7,47.88,37.55,33.7
11/19/25,32.35,30.26,29.84,29.87,29.54,29.41,30.87,31.73,34.06,33.65,41.7,34.93,42.45,39.2,43.15,40.75,41.4,41.02,41.05,44.13,39.31,34.88,35.67,34.82
11/20/25,32.73,29.46,27.5,27.79,26.56,26.07,26.52,28.65,29.08,55.3,69.18,31.79,35.69,32.72,37.36,40.23,39.18,38.69,36.82,32.56,34.95,32.64,32.64,30.02
11/21/25,31.88,27.7,26.67,26.52,26,26.2,26.51,30.02,30.88,29.59,31.03,31.7,33.44,36.87,43.47,37.82,36.03,38.73,35.45,31.47,33.09,32.6,32.98,32.64
11/22/25,58.72,31.13,28.37,27.99,28,26.71,27.09,27.51,29.25,27.16,28.58,29.46,29.51,29.08,29.99,34.92,35.51,42.38,39.75,30.01,40.14,33.05,28.25,29.08
11/23/25,31.27,26.74,28.05,31.4,30.09,28.68,29.92,30.05,27.74,26.26,25.92,25.87,24.68,23.52,24.39,25.33,42.78,41.88,46.11,65.32,59.4,33.68,112.42,24.58
11/24/25,32.42,30.36,29.37,28.82,26.47,30.05,33.68,34.99,37.91,36.14,32.85,35.93,34.55,41.57,48.75,52.94,44.02,48.48,51.09,42.37,41.66,39.26,36.22,37.13
11/25/25,30.81,31.31,32.01,30.07,29.75,29.66,29.73,43.14,32.22,32.53,33.35,32.71,34.48,35.44,31.24,32.96,30.31,35.62,33.72,30.44,28.59,30.57,30.81,28.16
11/26/25,32.2,27.18,28,26.65,26.41,26.89,29.55,33.57,31.82,25.9,26.49,26.03,26.09,26.21,24.75,25.92,27.04,40.28,38.73,38.12,35.36,33.67,30.28,30.7
11/27/25,26.27,26.46,27.2,26.41,27.08,28.97,29.94,34.19,45.06,31.79,29.65,26.53,23.9,19.67,10.21,12.06,23.27,27.03,27.84,28.13,28.89,30.06,28.21,26.3
11/28/25,26.44,26.13,28.58,28.49,29.12,31.42,34.57,36.51,30.13,21.35,26.55,22.1,22.3,22.61,24.61,23.61,27.1,35.88,41.21,38.21,36.03,34.38,37.12,34.73
11/29/25,34.07,37.83,33.69,38.23,36,37.74,46.41,31.78,40.77,58.72,37.29,41.88,33.65,33.9,34.97,39.88,44.33,34.9,35.21,38.79,37.29,35.76,32.25,30.75
11/30/25,32.2,34.19,33.5,31.85,31.29,31.56,38.16,32.38,33.98,29.78,25.84,26.76,26.95,28.07,28.26,31.75,35.72,93.49,43.16,46.59,50.09,50.7,36.27,35.37
12/1/25,34.37,31.77,30.37,31.13,31.11,31.77,32.32,38.7,39.38,39.1,36.33,38.92,36.17,38.72,41.01,45.73,43.84,45.01,59.28,61.77,58.35,59.47,48,42.79
12/2/25,40.22,36,36.55,36.41,35.71,36.18,39.94,49.47,53.85,85.26,66.76,123.03,51.99,46.41,45.89,44.81,45.03,43.14,57.53,57.2,54.21,49.41,41.13,40.06
12/3/25,36.83,41.77,40.45,38.5,38.77,48.24,39.12,56.47,62.52,44.27,43.14,40.24,35.07,36.13,35.07,33.84,39.37,41.6,49.06,44.55,46.71,43.24,44.37,37.36
12/4/25,35.77,34.68,33.28,33.38,32.89,33.56,40.55,47.71,48.27,45.72,35.89,36.63,37.46,40.18,38.01,41.13,104.51,273.46,123.67,87.75,53.93,66.17,52.5,38.01
12/5/25,39.96,40.68,38.42,37.94,38.56,40.02,40.68,55.79,44.92,39.43,45.84,41.55,37.89,36.96,34.58,34.31,45.3,46.47,43.11,40.08,36.86,34.73,34.21,32.16
12/6/25,32.92,35.78,34.05,33.72,32.58,33.76,33.39,34.37,36.13,38.64,40.54,41.13,36.14,30.83,31.9,29.73,30.05,34.82,45.74,43.34,40.56,39.38,37.96,36.96
12/7/25,38.68,34.16,33.29,31.8,33.44,31.9,33.84,39.08,45.33,41.25,40.47,33.62,34.04,33.07,33.07,34.08,38.04,41.57,43.38,39.5,37.62,36.93,35.62,32.73
12/8/25,31.4,30.49,30.15,29.43,30.33,32.18,32.85,109.28,38.14,66.16,36.83,38.12,34.28,35.07,32.23,32.43,34.22,82.09,60.34,64.74,66.11,50.14,46.95,41.85
12/9/25,43.42,46.33,41.93,42.76,43.04,39.41,44.53,60.26,55.74,50.03,44.66,41.09,32.15,29.28,28.24,28.78,31.35,43.39,53.69,59.99,54.87,48.26,41.74,35.64
12/10/25,31.8,29.07,29.72,28.43,30.04,39.32,47.54,46.89,37.38,31.32,30.62,28.67,28,26.6,25.67,25.47,29.13,32.08,33.07,33.28,34.03,34.29,34.15,32.14
12/11/25,29.83,29.09,29.1,29.3,30.04,31.06,33.54,40.47,37.32,30.79,30.44,29.81,28.87,27.25,29.27,29.19,29.32,32.8,35.46,37.37,35.64,34.93,33.64,33.25
12/12/25,33.97,38.16,36.78,37.03,36.11,41.47,46.48,52.92,49.93,30.9,29.11,28.87,27.22,27.21,27.65,27.88,28.3,35.91,36.24,32.82,33.39,34.65,32.26,29.08
12/13/25,26.12,25.81,25.48,26.58,26.52,26.8,27.97,27.99,31.23,29.85,27.91,27.62,28.61,29.27,29.32,29.26,30.76,33.67,32.91,32.51,29.56,29.39,29.12,28.19
12/14/25,26.71,26.52,26.37,26.26,26.4,27.21,28.32,29.21,38.67,29.29,29.31,28,26.89,26.64,25.89,25.14,25.89,29.13,41.14,40.2,42.95,41.82,42.77,35.86
12/15/25,32.04,44.08,38.96,37.09,36.79,50.97,44.05,63.49,53.41,38.4,27.22,27.9,28.63,27.75,25.88,26,30.12,29.48,33.35,32.54,33.14,36.47,34.27,32.04
12/16/25,31.77,34.58,32.99,33.98,37.3,34.87,45.38,49.78,33.91,30.59,25.14,25.25,24.34,21.97,23.07,23.07,27.85,31.31,29.18,29.66,27.6,25.71,25.76,25.05
12/17/25,24.78,24.43,25.27,25.52,25.1,26.35,30.74,43.87,34.54,27.2,27.42,27.78,24.36,24.19,24.09,29.47,31.43,52.47,36.64,35.17,49.75,31.87,36.73,23.77
12/18/25,40.78,28.36,33,28.76,21.82,23.98,30.32,34.85,37.68,31.78,29.73,30.16,32.31,36.09,30.13,29.91,32.17,41.98,42.9,38.84,29.82,28.85,26.84,26.2
12/19/25,24.45,22.16,22.94,23.12,23.4,24.54,26.49,58.31,53.5,30.68,25.4,24.25,24.25,23.51,22.56,22.9,27.08,31.78,33.09,33.28,54.4,54.36,59.4,50.07
12/20/25,41.5,40.65,48.73,51.9,49.55,48.59,33.6,42.25,34.56,25.87,23.81,29.49,29.65,39.05,29.4,28.26,41.62,54.99,47.86,36.13,55.56,36.03,65.74,40.06
12/21/25,34.41,31.65,29.17,28.16,27.09,27.03,30.18,29.71,33.22,25.53,23.1,23.92,24.81,25.33,25.36,25.24,65.48,112.05,40.45,44.45,42.08,34.76,38.53,35.15
12/22/25,26.97,26.63,28.42,28,28.86,28.69,29.56,29.61,21.01,23.2,29.87,32.68,28.78,28.46,41.19,32.43,33.92,41.15,43.93,31.27,29.83,32.42,39.98,27.14
12/23/25,31.16,27.99,25.53,22.73,21.85,22.63,25.61,26.59,24.94,24.77,24.19,25.6,26.96,26.83,26.8,25.53,31.79,34.95,32.89,29.16,27.88,27.29,25.63,24.73
12/24/25,23.61,21.73,22.07,21.51,19.56,20.24,22.82,21.68,23.1,28.2,23.01,22.82,23.29,23.86,25.16,24.54,25.64,26.66,26.57,25.96,25.17,25.03,24,24.1
12/25/25,25.7,24.5,23.19,23.19,22.72,21.83,22.58,23.64,24.09,22.82,23.69,23.93,23.8,22.45,24.52,28.58,29.78,30.31,30.13,27.25,34.3,27.44,28.38,25.86
12/26/25,25.32,22.22,24.14,22.92,21.6,21.9,23.05,24.59,24.76,29.07,38.31,38.14,33.53,36.39,43.73,29.97,155.84,135.42,41.93,232.18,43.63,36.49,46.14,34.32
12/27/25,25.87,25.65,26.15,25.47,29.71,33.81,26.82,40.41,27.78,27.81,26.11,26.63,37.59,38.45,40.31,30.79,37.3,52.97,31.33,37.28,36.32,48.99,34.45,30.52
12/28/25,26.33,26.66,27.09,26.64,24.71,28.39,26.86,29.2,32.51,29.6,30.71,39.95,41.34,43.09,37.09,27.54,26.42,31.16,26.91,25.85,26.83,27.1,22.74,21.56
12/29/25,19.13,18.8,19.62,19.54,19.11,20.45,22.19,25.39,27.54,26.41,26.01,25.51,25.31,25.59,25.33,24.96,26.2,30.38,36.95,37.07,32.84,31.94,33.18,32.3
12/30/25,31.39,31.33,32.12,35.48,32.12,32.89,34.29,40.71,42.48,35.38,32.13,29.91,28.97,27.09,25.94,25.25,25.73,29.93,37.26,36.2,36.07,33.53,34.44,34.93
12/31/25,37.52,31.1,33.05,33.71,32.49,33.84,33.85,39.01,38.94,34,33.22,30.32,29.23,28.03,27.44,25.54,26.65,29.44,36.54,31.56,28.6,29.94,29.11,31.34