"Time stamp","0","1","2","3","4","5","6","7","8","9","10","11","12","13","14","15","16","17","18","19","20","21","22","23","24","25","26","27","28","29","30","31","32","33","34","35","36","37","38","39","40","41","42","43","44","45","46","47","48","49","50","51","52","53","54","55","56","57","58","59","60","61","62","63","64","65","66","67","68","69","70","71","72","73","74","75","76","77","78","79","80","81","82","83","84","85","86","87","88","89","90","91","92","93","94","95","96","97","98","99","100","101","102","103","104","105","106","107","108","109","110","111","112","113","114","115","116","117","118","119","120","121","122","123","124","125","126","127","128","129","130","131","132","133","134","135","136","137","138","139","140","141","142","143","144","145","146","147","148","149","150","151","152","153","154","155","156","157","158","159","160","161","162","163","164","165","166","167","168","169","170","171","172","173","174","175","176","177","178","179","180","181","182","183","184","185","186","187","188","189","190","191","192","193","194","195","196","197","198","199","200","201","202","203","204","205","206","207","208","209","210","211","212","213","214","215","216","217","218","219","220","221","222","223","224","225","226","227","228","229","230","231","232","233","234","235","236","237","238","239","240","241","242","243","244","245","246","247","248","249","250","251","252","253","254","255","256","257","258","259","260","261","262","263","264","265","266","267","268","269","270","271","272","273","274","275","276","277","278","279","280","281","282","283","284","285","286","287","288","289","290","291","292","293","294","295","296","297","298","299","300","301","302","303","304","305","306","307","308","309","310","311","312","313","314","315","316","317","318","319","320","321","322","323","324","325","326","327","328","329","330","331","332","333","334","335","336","337","338","339","340","341","342","343","344","345","346","347","348","349","350","351","352","353","354","355","356","357","358","359","360","361","362","363","364","365"
"1",0,1,2,3,4,5,6,7,8,9,10,11,12,13,14,15,16,17,18,19,20,21,22,23,24,25,26,27,28,29,30,31,32,33,34,35,36,37,38,39,40,41,42,43,44,45,46,47,48,49,50,51,52,53,54,55,56,57,58,59,60,61,62,63,64,65,66,67,68,69,70,71,72,73,74,75,76,77,78,79,80,81,82,83,84,85,86,87,88,89,90,91,92,93,94,95,96,97,98,99,100,101,102,103,104,105,106,107,108,109,110,111,112,113,114,115,116,117,118,119,120,121,122,123,124,125,126,127,128,129,130,131,132,133,134,135,136,137,138,139,140,141,142,143,144,145,146,147,148,149,150,151,152,153,154,155,156,157,158,159,160,161,162,163,164,165,166,167,168,169,170,171,172,173,174,175,176,177,178,179,180,181,182,183,184,185,186,187,188,189,190,191,192,193,194,195,196,197,198,199,200,201,202,203,204,205,206,207,208,209,210,211,212,213,214,215,216,217,218,219,220,221,222,223,224,225,226,227,228,229,230,231,232,233,234,235,236,237,238,239,240,241,242,243,244,245,246,247,248,249,250,251,252,253,254,255,256,257,258,259,260,261,262,263,264,265,266,267,268,269,270,271,272,273,274,275,276,277,278,279,280,281,282,283,284,285,286,287,288,289,290,291,292,293,294,295,296,297,298,299,300,301,302,303,304,305,306,307,308,309,310,311,312,313,314,315,316,317,318,319,320,321,322,323,324,325,326,327,328,329,330,331,332,333,334,335,336,337,338,339,340,341,342,343,344,345,346,347,348,349,350,351,352,353,354,355,356,357,358,359,360,361,362,363,364,365
"2",0,-0.029391,-0.029391,-0.029391,-0.029391,-0.029391,-0.029391,-0.029391,-0.029391,-0.029391,-0.029391,-0.029391,-0.029391,-0.029391,-0.029391,-0.029391,-0.029391,-0.029391,-0.029391,-0.029391,-0.029391,-0.029391,-0.029391,-0.029391,-0.029391,-0.029391,-0.029391,-0.029391,-0.029391,-0.029391,-0.029391,-0.029391,-0.029391,-0.029391,-0.029391,-0.029391,-0.029391,-0.029391,-0.029391,-0.029391,-0.029391,-0.029391,-0.029391,-0.029391,-0.029391,-0.029391,-0.029391,-0.029391,-0.029391,-0.029391,-0.029391,-0.029391,-0.029391,-0.029391,-0.029391,-0.029391,-0.029391,-0.029391,-0.029391,-0.029391,-0.029391,-0.029391,-0.029391,-0.029391,-0.029391,-0.029391,-0.029391,-0.029391,-0.029391,-0.029391,-0.029391,-0.029391,-0.029391,-0.029391,-0.029391,-0.029391,-0.029391,-0.029391,-0.029391,-0.029391,-0.029391,-0.029391,-0.029391,-0.029391,-0.029391,-0.029391,-0.029391,-0.029391,-0.029391,-0.029391,-0.029391,-0.029391,-0.029391,-0.029391,-0.029391,-0.029391,-0.029391,-0.029391,-0.029391,-0.029391,-0.029391,-0.029391,-0.029391,-0.029391,-0.029391,-0.029391,-0.029391,-0.029391,-0.029391,-0.029391,-0.029391,-0.029391,-0.029391,-0.029391,-0.029391,-0.029391,-0.029391,-0.029391,-0.029391,-0.029391,-0.029391,-0.029391,-0.029391,-0.029391,-0.029391,-0.029391,-0.029391,-0.029391,-0.029391,-0.029391,-0.029391,-0.029391,-0.029391,-0.029391,-0.029391,-0.029391,-0.029391,-0.029391,-0.029391,-0.029391,-0.029391,-0.029391,-0.029391,-0.029391,-0.029391,-0.029391,-0.029391,-0.029391,-0.029391,-0.029391,-0.029391,-0.029391,-0.029391,-0.029391,-0.029391,-0.029391,-0.029391,-0.029391,-0.029391,-0.029391,-0.029391,-0.029391,-0.029391,-0.029391,-0.029391,-0.029391,-0.029391,-0.029391,-0.029391,-0.029391,-0.029391,-0.029391,-0.029391,-0.029391,-0.029391,-0.029391,-0.029391,-0.029391,-0.029391,-0.029391,-0.029391,-0.029391,-0.029391,-0.029391,-0.029391,-0.029391,-0.029391,-0.029391,-0.029391,-0.029391,-0.029391,-0.029391,-0.029391,-0.029391,-0.029391,-0.029391,-0.029391,-0.029391,-0.029391,-0.029391,-0.029391,-0.029391,-0.029391,-0.029391,-0.029391,-0.029391,-0.029391,-0.029391,-0.029391,-0.029391,-0.029391,-0.029391,-0.029391,-0.029391,-0.029391,-0.029391,-0.029391,-0.029391,-0.029391,-0.029391,-0.029391,-0.029391,-0.029391,-0.029391,-0.029391,-0.029391,-0.029391,-0.029391,-0.029391,-0.029391,-0.029391,-0.029391,-0.029391,-0.029391,-0.029391,-0.029391,-0.029391,-0.029391,-0.029391,-0.029391,-0.029391,-0.029391,-0.029391,-0.029391,-0.029391,-0.029391,-0.029391,-0.029391,-0.029391,-0.029391,-0.029391,-0.029391,-0.029391,-0.029391,-0.029391,-0.029391,-0.029391,-0.029391,-0.029391,-0.029391,-0.029391,-0.029391,-0.029391,-0.029391,-0.029391,-0.029391,-0.029391,-0.029391,-0.029391,-0.029391,-0.029391,-0.029391,-0.029391,-0.029391,-0.029391,-0.029391,-0.029391,-0.029391,-0.029391,-0.029391,-0.029391,-0.029391,-0.029391,-0.029391,-0.029391,-0.029391,-0.029391,-0.029391,-0.029391,-0.029391,-0.029391,-0.029391,-0.029391,-0.029391,-0.029391,-0.029391,-0.029391,-0.029391,-0.029391,-0.029391,-0.029391,-0.029391,-0.029391,-0.029391,-0.029391,-0.029391,-0.029391,-0.029391,-0.029391,-0.029391,-0.029391,-0.029391,-0.029391,-0.029391,-0.029391,-0.029391,-0.029391,-0.029391,-0.029391,-0.029391,-0.029391,-0.029391,-0.029391,-0.029391,-0.029391,-0.029391,-0.029391,-0.029391,-0.029391,-0.029391,-0.029391,-0.029391,-0.029391,-0.029391,-0.029391,-0.029391,-0.029391,-0.029391,-0.029391,-0.029391,-0.029391,-0.029391,-0.029391,-0.029391,-0.029391,-0.029391,-0.029391,-0.029391,-0.029391,-0.029391,-0.029391,-0.029391,-0.029391,-0.029391,-0.029391,-0.029391,-0.029391,-0.029391,-0.029391,-0.029391,-0.029391,-0.029391,-0.029391,-0.029391,-0.029391,-0.029391
"3",1,-0.029391,-0.029391,-0.029391,-0.029391,-0.029391,-0.029391,-0.029391,-0.029391,-0.029391,-0.029391,-0.029391,-0.029391,-0.029391,-0.029391,-0.029391,-0.029391,-0.029391,-0.029391,-0.029391,-0.029391,-0.029391,-0.029391,-0.029391,-0.029391,-0.029391,-0.029391,-0.029391,-0.029391,-0.029391,-0.029391,-0.029391,-0.029391,-0.029391,-0.029391,-0.029391,-0.029391,-0.029391,-0.029391,-0.029391,-0.029391,-0.029391,-0.029391,-0.029391,-0.029391,-0.029391,-0.029391,-0.029391,-0.029391,-0.029391,-0.029391,-0.029391,-0.029391,-0.029391,-0.029391,-0.029391,-0.029391,-0.029391,-0.029391,-0.029391,-0.029391,-0.029391,-0.029391,-0.029391,-0.029391,-0.029391,-0.029391,-0.029391,-0.029391,-0.029391,-0.029391,-0.029391,-0.029391,-0.029391,-0.029391,-0.029391,-0.029391,-0.029391,-0.029391,-0.029391,-0.029391,-0.029391,-0.029391,-0.029391,-0.029391,-0.029391,-0.029391,-0.029391,-0.029391,-0.029391,-0.029391,-0.029391,-0.029391,-0.029391,-0.029391,-0.029391,-0.029391,-0.029391,-0.029391,-0.029391,-0.029391,-0.029391,-0.029391,-0.029391,-0.029391,-0.029391,-0.029391,-0.029391,-0.029391,-0.029391,-0.029391,-0.029391,-0.029391,-0.029391,-0.029391,-0.029391,-0.029391,-0.029391,-0.029391,-0.029391,-0.029391,-0.029391,-0.029391,-0.029391,-0.029391,-0.029391,-0.029391,-0.029391,-0.029391,-0.029391,-0.029391,-0.029391,-0.029391,-0.029391,-0.029391,-0.029391,-0.029391,-0.029391,-0.029391,-0.029391,-0.029391,-0.029391,-0.029391,-0.029391,-0.029391,-0.029391,-0.029391,-0.029391,-0.029391,-0.029391,-0.029391,-0.029391,-0.029391,-0.029391,-0.029391,-0.029391,-0.029391,-0.029391,-0.029391,-0.029391,-0.029391,-0.029391,-0.029391,-0.029391,-0.029391,-0.029391,-0.029391,-0.029391,-0.029391,-0.029391,-0.029391,-0.029391,-0.029391,-0.029391,-0.029391,-0.029391,-0.029391,-0.029391,-0.029391,-0.029391,-0.029391,-0.029391,-0.029391,-0.029391,-0.029391,-0.029391,-0.029391,-0.029391,-0.029391,-0.029391,-0.029391,-0.029391,-0.029391,-0.029391,-0.029391,-0.029391,-0.029391,-0.029391,-0.029391,-0.029391,-0.029391,-0.029391,-0.029391,-0.029391,-0.029391,-0.029391,-0.029391,-0.029391,-0.029391,-0.029391,-0.029391,-0.029391,-0.029391,-0.029391,-0.029391,-0.029391,-0.029391,-0.029391,-0.029391,-0.029391,-0.029391,-0.029391,-0.029391,-0.029391,-0.029391,-0.029391,-0.029391,-0.029391,-0.029391,-0.029391,-0.029391,-0.029391,-0.029391,-0.029391,-0.029391,-0.029391,-0.029391,-0.029391,-0.029391,-0.029391,-0.029391,-0.029391,-0.029391,-0.029391,-0.029391,-0.029391,-0.029391,-0.029391,-0.029391,-0.029391,-0.029391,-0.029391,-0.029391,-0.029391,-0.029391,-0.029391,-0.029391,-0.029391,-0.029391,-0.029391,-0.029391,-0.029391,-0.029391,-0.029391,-0.029391,-0.029391,-0.029391,-0.029391,-0.029391,-0.029391,-0.029391,-0.029391,-0.029391,-0.029391,-0.029391,-0.029391,-0.029391,-0.029391,-0.029391,-0.029391,-0.029391,-0.029391,-0.029391,-0.029391,-0.029391,-0.029391,-0.029391,-0.029391,-0.029391,-0.029391,-0.029391,-0.029391,-0.029391,-0.029391,-0.029391,-0.029391,-0.029391,-0.029391,-0.029391,-0.029391,-0.029391,-0.029391,-0.029391,-0.029391,-0.029391,-0.029391,-0.029391,-0.029391,-0.029391,-0.029391,-0.029391,-0.029391,-0.029391,-0.029391,-0.029391,-0.029391,-0.029391,-0.029391,-0.029391,-0.029391,-0.029391,-0.029391,-0.029391,-0.029391,-0.029391,-0.029391,-0.029391,-0.029391,-0.029391,-0.029391,-0.029391,-0.029391,-0.029391,-0.029391,-0.029391,-0.029391,-0.029391,-0.029391,-0.029391,-0.029391,-0.029391,-0.029391,-0.029391,-0.029391,-0.029391,-0.029391,-0.029391,-0.029391,-0.029391,-0.029391,-0.029391,-0.029391,-0.029391,-0.029391,-0.029391,-0.029391,-0.029391,-0.029391,-0.029391,-0.029391,-0.029391,-0.029391,-0.029391,-0.029391,-0.029391,-0.029391
"4",2,-0.029391,-0.029391,-0.029391,-0.029391,-0.029391,-0.029391,-0.029391,-0.029391,-0.029391,-0.029391,-0.029391,-0.029391,-0.029391,-0.029391,-0.029391,-0.029391,-0.029391,-0.029391,-0.029391,-0.029391,-0.029391,-0.029391,-0.029391,-0.029391,-0.029391,-0.029391,-0.029391,-0.029391,-0.029391,-0.029391,-0.029391,-0.029391,-0.029391,-0.029391,-0.029391,-0.029391,-0.029391,-0.029391,-0.029391,-0.029391,-0.029391,-0.029391,-0.029391,-0.029391,-0.029391,-0.029391,-0.029391,-0.029391,-0.029391,-0.029391,-0.029391,-0.029391,-0.029391,-0.029391,-0.029391,-0.029391,-0.029391,-0.029391,-0.029391,-0.029391,-0.029391,-0.029391,-0.029391,-0.029391,-0.029391,-0.029391,-0.029391,-0.029391,-0.029391,-0.029391,-0.029391,-0.029391,-0.029391,-0.029391,-0.029391,-0.029391,-0.029391,-0.029391,-0.029391,-0.029391,-0.029391,-0.029391,-0.029391,-0.029391,-0.029391,-0.029391,-0.029391,-0.029391,-0.029391,-0.029391,-0.029391,-0.029391,-0.029391,-0.029391,-0.029391,-0.029391,-0.029391,-0.029391,-0.029391,-0.029391,-0.029391,-0.029391,-0.029391,-0.029391,-0.029391,-0.029391,-0.029391,-0.029391,-0.029391,-0.029391,-0.029391,-0.029391,-0.029391,-0.029391,-0.029391,-0.029391,-0.029391,-0.029391,-0.029391,-0.029391,-0.029391,-0.029391,-0.029391,-0.029391,-0.029391,-0.029391,-0.029391,-0.029391,-0.029391,-0.029391,-0.029391,-0.029391,-0.029391,-0.029391,-0.029391,-0.029391,-0.029391,-0.029391,-0.029391,-0.029391,-0.029391,-0.029391,-0.029391,-0.029391,-0.029391,-0.029391,-0.029391,-0.029391,-0.029391,-0.029391,-0.029391,-0.029391,-0.029391,-0.029391,-0.029391,-0.029391,-0.029391,-0.029391,-0.029391,-0.029391,-0.029391,-0.029391,-0.029391,-0.029391,-0.029391,-0.029391,-0.029391,-0.029391,-0.029391,-0.029391,-0.029391,-0.029391,-0.029391,-0.029391,-0.029391,-0.029391,-0.029391,-0.029391,-0.029391,-0.029391,-0.029391,-0.029391,-0.029391,-0.029391,-0.029391,-0.029391,-0.029391,-0.029391,-0.029391,-0.029391,-0.029391,-0.029391,-0.029391,-0.029391,-0.029391,-0.029391,-0.029391,-0.029391,-0.029391,-0.029391,-0.029391,-0.029391,-0.029391,-0.029391,-0.029391,-0.029391,-0.029391,-0.029391,-0.029391,-0.029391,-0.029391,-0.029391,-0.029391,-0.029391,-0.029391,-0.029391,-0.029391,-0.029391,-0.029391,-0.029391,-0.029391,-0.029391,-0.029391,-0.029391,-0.029391,-0.029391,-0.029391,-0.029391,-0.029391,-0.029391,-0.029391,-0.029391,-0.029391,-0.029391,-0.029391,-0.029391,-0.029391,-0.029391,-0.029391,-0.029391,-0.029391,-0.029391,-0.029391,-0.029391,-0.029391,-0.029391,-0.029391,-0.029391,-0.029391,-0.029391,-0.029391,-0.029391,-0.029391,-0.029391,-0.029391,-0.029391,-0.029391,-0.029391,-0.029391,-0.029391,-0.029391,-0.029391,-0.029391,-0.029391,-0.029391,-0.029391,-0.029391,-0.029391,-0.029391,-0.029391,-0.029391,-0.029391,-0.029391,-0.029391,-0.029391,-0.029391,-0.029391,-0.029391,-0.029391,-0.029391,-0.029391,-0.029391,-0.029391,-0.029391,-0.029391,-0.029391,-0.029391,-0.029391,-0.029391,-0.029391,-0.029391,-0.029391,-0.029391,-0.029391,-0.029391,-0.029391,-0.029391,-0.029391,-0.029391,-0.029391,-0.029391,-0.029391,-0.029391,-0.029391,-0.029391,-0.029391,-0.029391,-0.029391,-0.029391,-0.029391,-0.029391,-0.029391,-0.029391,-0.029391,-0.029391,-0.029391,-0.029391,-0.029391,-0.029391,-0.029391,-0.029391,-0.029391,-0.029391,-0.029391,-0.029391,-0.029391,-0.029391,-0.029391,-0.029391,-0.029391,-0.029391,-0.029391,-0.029391,-0.029391,-0.029391,-0.029391,-0.029391,-0.029391,-0.029391,-0.029391,-0.029391,-0.029391,-0.029391,-0.029391,-0.029391,-0.029391,-0.029391,-0.029391,-0.029391,-0.029391,-0.029391,-0.029391,-0.029391,-0.029391,-0.029391,-0.029391,-0.029391,-0.029391,-0.029391,-0.029391,-0.029391,-0.029391,-0.029391,-0.029391,-0.029391
"5",3,-0.029391,-0.029391,-0.029391,-0.029391,-0.029391,-0.029391,-0.029391,-0.029391,-0.029391,-0.029391,-0.029391,-0.029391,-0.029391,-0.029391,-0.029391,-0.029391,-0.029391,-0.029391,-0.029391,-0.029391,-0.029391,-0.029391,-0.029391,-0.029391,-0.029391,-0.029391,-0.029391,-0.029391,-0.029391,-0.029391,-0.029391,-0.029391,-0.029391,-0.029391,-0.029391,-0.029391,-0.029391,-0.029391,-0.029391,-0.029391,-0.029391,-0.029391,-0.029391,-0.029391,-0.029391,-0.029391,-0.029391,-0.029391,-0.029391,-0.029391,-0.029391,-0.029391,-0.029391,-0.029391,-0.029391,-0.029391,-0.029391,-0.029391,-0.029391,-0.029391,-0.029391,-0.029391,-0.029391,-0.029391,-0.029391,-0.029391,-0.029391,-0.029391,-0.029391,-0.029391,-0.029391,-0.029391,-0.029391,-0.029391,-0.029391,-0.029391,-0.029391,-0.029391,-0.029391,-0.029391,-0.029391,-0.029391,-0.029391,-0.029391,-0.029391,-0.029391,-0.029391,-0.029391,-0.029391,-0.029391,-0.029391,-0.029391,-0.029391,-0.029391,-0.029391,-0.029391,-0.029391,-0.029391,-0.029391,-0.029391,-0.029391,-0.029391,-0.029391,-0.029391,-0.029391,-0.029391,-0.029391,-0.029391,-0.029391,-0.029391,-0.029391,-0.029391,-0.029391,-0.029391,-0.029391,-0.029391,-0.029391,-0.029391,-0.029391,-0.029391,-0.029391,-0.029391,-0.029391,-0.029391,-0.029391,-0.029391,-0.029391,-0.029391,-0.029391,-0.029391,-0.029391,-0.029391,-0.029391,-0.029391,-0.029391,-0.029391,-0.029391,-0.029391,-0.029391,-0.029391,-0.029391,-0.029391,-0.029391,-0.029391,-0.029391,-0.029391,-0.029391,-0.029391,-0.029391,-0.029391,-0.029391,-0.029391,-0.029391,-0.029391,-0.029391,-0.029391,-0.029391,-0.029391,-0.029391,-0.029391,-0.029391,-0.029391,-0.029391,-0.029391,-0.029391,-0.029391,-0.029391,-0.029391,-0.029391,-0.029391,-0.029391,-0.029391,-0.029391,-0.029391,-0.029391,-0.029391,-0.029391,-0.029391,-0.029391,-0.029391,-0.029391,-0.029391,-0.029391,-0.029391,-0.029391,-0.029391,-0.029391,-0.029391,-0.029391,-0.029391,-0.029391,-0.029391,-0.029391,-0.029391,-0.029391,-0.029391,-0.029391,-0.029391,-0.029391,-0.029391,-0.029391,-0.029391,-0.029391,-0.029391,-0.029391,-0.029391,-0.029391,-0.029391,-0.029391,-0.029391,-0.029391,-0.029391,-0.029391,-0.029391,-0.029391,-0.029391,-0.029391,-0.029391,-0.029391,-0.029391,-0.029391,-0.029391,-0.029391,-0.029391,-0.029391,-0.029391,-0.029391,-0.029391,-0.029391,-0.029391,-0.029391,-0.029391,-0.029391,-0.029391,-0.029391,-0.029391,-0.029391,-0.029391,-0.029391,-0.029391,-0.029391,-0.029391,-0.029391,-0.029391,-0.029391,-0.029391,-0.029391,-0.029391,-0.029391,-0.029391,-0.029391,-0.029391,-0.029391,-0.029391,-0.029391,-0.029391,-0.029391,-0.029391,-0.029391,-0.029391,-0.029391,-0.029391,-0.029391,-0.029391,-0.029391,-0.029391,-0.029391,-0.029391,-0.029391,-0.029391,-0.029391,-0.029391,-0.029391,-0.029391,-0.029391,-0.029391,-0.029391,-0.029391,-0.029391,-0.029391,-0.029391,-0.029391,-0.029391,-0.029391,-0.029391,-0.029391,-0.029391,-0.029391,-0.029391,-0.029391,-0.029391,-0.029391,-0.029391,-0.029391,-0.029391,-0.029391,-0.029391,-0.029391,-0.029391,-0.029391,-0.029391,-0.029391,-0.029391,-0.029391,-0.029391,-0.029391,-0.029391,-0.029391,-0.029391,-0.029391,-0.029391,-0.029391,-0.029391,-0.029391,-0.029391,-0.029391,-0.029391,-0.029391,-0.029391,-0.029391,-0.029391,-0.029391,-0.029391,-0.029391,-0.029391,-0.029391,-0.029391,-0.029391,-0.029391,-0.029391,-0.029391,-0.029391,-0.029391,-0.029391,-0.029391,-0.029391,-0.029391,-0.029391,-0.029391,-0.029391,-0.029391,-0.029391,-0.029391,-0.029391,-0.029391,-0.029391,-0.029391,-0.029391,-0.029391,-0.029391,-0.029391,-0.029391,-0.029391,-0.029391,-0.029391,-0.029391,-0.029391,-0.029391,-0.029391,-0.029391,-0.029391,-0.029391,-0.029391,-0.029391,-0.029391
"6",4,-0.029391,-0.029391,-0.029391,-0.029391,-0.029391,-0.029391,-0.029391,-0.029391,-0.029391,-0.029391,-0.029391,-0.029391,-0.029391,-0.029391,-0.029391,-0.029391,-0.029391,-0.029391,-0.029391,-0.029391,-0.029391,-0.029391,-0.029391,-0.029391,-0.029391,-0.029391,-0.029391,-0.029391,-0.029391,-0.029391,-0.029391,-0.029391,-0.029391,-0.029391,-0.029391,-0.029391,-0.029391,-0.029391,-0.029391,-0.029391,-0.029391,-0.029391,-0.029391,-0.029391,-0.029391,-0.029391,-0.029391,-0.029391,-0.029391,-0.029391,-0.029391,-0.029391,-0.029391,-0.029391,-0.029391,-0.029391,-0.029391,-0.029391,-0.029391,-0.029391,-0.029391,-0.029391,-0.029391,-0.029391,-0.029391,-0.029391,-0.029391,-0.029391,-0.029391,-0.029391,-0.029391,-0.029391,-0.029391,-0.029391,-0.029391,-0.029391,-0.029391,-0.029391,-0.029391,-0.029391,-0.029391,-0.029391,-0.029391,-0.029391,-0.029391,-0.029391,-0.029391,-0.029391,-0.029391,-0.029391,-0.029391,-0.029391,-0.029391,-0.029391,-0.029391,-0.029391,-0.029391,-0.029391,-0.029391,-0.029391,-0.029391,-0.029391,-0.029391,-0.029391,-0.029391,-0.029391,-0.029391,-0.029391,-0.029391,-0.029391,-0.029391,-0.029391,-0.029391,-0.029391,-0.029391,-0.029391,-0.029391,-0.029391,-0.029391,-0.029391,-0.029391,-0.029391,-0.029391,-0.029391,-0.029391,-0.029391,-0.029391,-0.029391,-0.029391,-0.029391,-0.029391,-0.029391,-0.029391,-0.029391,-0.029391,-0.029391,-0.029391,-0.029391,-0.029391,-0.029391,-0.029391,-0.029391,-0.029391,-0.029391,-0.029391,-0.029391,-0.029391,-0.029391,-0.029391,-0.029391,-0.029391,-0.029391,-0.029391,-0.029391,-0.029391,-0.029391,-0.029391,-0.029391,-0.029391,-0.029391,-0.029391,-0.029391,-0.029391,-0.029391,-0.029391,-0.029391,-0.029391,-0.029391,-0.029391,-0.029391,-0.029391,-0.029391,-0.029391,-0.029391,-0.029391,-0.029391,-0.029391,-0.029391,-0.029391,-0.029391,-0.029391,-0.029391,-0.029391,-0.029391,-0.029391,-0.029391,-0.029391,-0.029391,-0.029391,-0.029391,-0.029391,-0.029391,-0.029391,-0.029391,-0.029391,-0.029391,-0.029391,-0.029391,-0.029391,-0.029391,-0.029391,-0.029391,-0.029391,-0.029391,-0.029391,-0.029391,-0.029391,-0.029391,-0.029391,-0.029391,-0.029391,-0.029391,-0.029391,-0.029391,-0.029391,-0.029391,-0.029391,-0.029391,-0.029391,-0.029391,-0.029391,-0.029391,-0.029391,-0.029391,-0.029391,-0.029391,-0.029391,-0.029391,-0.029391,-0.029391,-0.029391,-0.029391,-0.029391,-0.029391,-0.029391,-0.029391,-0.029391,-0.029391,-0.029391,-0.029391,-0.029391,-0.029391,-0.029391,-0.029391,-0.029391,-0.029391,-0.029391,-0.029391,-0.029391,-0.029391,-0.029391,-0.029391,-0.029391,-0.029391,-0.029391,-0.029391,-0.029391,-0.029391,-0.029391,-0.029391,-0.029391,-0.029391,-0.029391,-0.029391,-0.029391,-0.029391,-0.029391,-0.029391,-0.029391,-0.029391,-0.029391,-0.029391,-0.029391,-0.029391,-0.029391,-0.029391,-0.029391,-0.029391,-0.029391,-0.029391,-0.029391,-0.029391,-0.029391,-0.029391,-0.029391,-0.029391,-0.029391,-0.029391,-0.029391,-0.029391,-0.029391,-0.029391,-0.029391,-0.029391,-0.029391,-0.029391,-0.029391,-0.029391,-0.029391,-0.029391,-0.029391,-0.029391,-0.029391,-0.029391,-0.029391,-0.029391,-0.029391,-0.029391,-0.029391,-0.029391,-0.029391,-0.029391,-0.029391,-0.029391,-0.029391,-0.029391,-0.029391,-0.029391,-0.029391,-0.029391,-0.029391,-0.029391,-0.029391,-0.029391,-0.029391,-0.029391,-0.029391,-0.029391,-0.029391,-0.029391,-0.029391,-0.029391,-0.029391,-0.029391,-0.029391,-0.029391,-0.029391,-0.029391,-0.029391,-0.029391,-0.029391,-0.029391,-0.029391,-0.029391,-0.029391,-0.029391,-0.029391,-0.029391,-0.029391,-0.029391,-0.029391,-0.029391,-0.029391,-0.029391,-0.029391,-0.029391,-0.029391,-0.029391,-0.029391,-0.029391,-0.029391,-0.029391,-0.029391,-0.029391,-0.029391
"7",5,-0.029391,-0.029391,-0.029391,-0.029391,-0.029391,-0.029391,-0.029391,-0.029391,-0.029391,-0.029391,-0.029391,-0.029391,-0.029391,-0.029391,-0.029391,-0.029391,-0.029391,-0.029391,-0.029391,-0.029391,-0.029391,-0.029391,-0.029391,-0.029391,-0.029391,-0.029391,-0.029391,-0.029391,-0.029391,-0.029391,-0.029391,-0.029391,-0.029391,-0.029391,-0.029391,-0.029391,-0.029391,-0.029391,-0.029391,-0.029391,-0.029391,-0.029391,-0.029391,-0.029391,-0.029391,-0.029391,-0.029391,-0.029391,-0.029391,-0.029391,-0.029391,-0.029391,-0.029391,-0.029391,-0.029391,-0.029391,-0.029391,-0.029391,-0.029391,-0.029391,-0.029391,-0.029391,-0.029391,-0.029391,-0.029391,-0.029391,-0.029391,-0.029391,-0.029391,-0.029391,-0.029391,-0.029391,-0.029391,-0.029391,-0.029391,-0.029391,-0.029391,-0.029391,-0.029391,-0.029391,-0.029391,-0.029391,-0.029391,-0.029391,-0.029391,-0.029391,-0.029391,-0.029391,-0.029391,-0.029391,-0.029391,-0.029391,-0.029391,-0.029391,-0.029391,-0.029391,-0.029391,-0.029391,-0.029391,1.91578,1.37521,2.35705,0.852181,-0.029391,1.90608,3.85319,2.34031,5.37352,6.14566,6.62057,7.02216,8.13036,8.62215,7.78004,7.93004,9.33117,10.5936,10.436,9.90049,10.7519,11.8723,11.4298,16.7058,17.8366,18.3107,19.5243,22.0651,23.2717,22.4135,25.4253,24.0355,21.5326,23.1997,29.7665,24.3523,28.2157,22.3141,17.8159,31.0375,31.5608,32.5618,32.934,34.5048,34.3722,34.5236,35.5442,38.6074,36.2718,37.9671,35.312,39.1895,37.075,37.6945,38.4274,38.3288,33.9041,37.444,37.3754,37.7298,25.9984,39.0183,37.5283,45.2598,29.8236,30.3013,39.6978,28.8411,37.3281,30.3034,19.4777,37.2865,37.7878,33.0083,30.9456,43.0353,34.787,14.6791,22.7674,32.5219,32.0692,30.6583,30.3911,33.109,29.5621,27.5506,12.8688,22.6057,27.3511,27.3858,25.2742,11.9928,23.9523,21.9909,21.8043,21.6432,9.93602,15.5097,17.5596,17.6886,17.3454,18.1853,16.0218,14.6882,14.9731,12.7432,11.8135,9.99377,9.31636,8.69263,5.47942,8.23883,11.345,7.78281,9.99984,3.22969,4.68795,6.66273,7.05602,6.58901,5.1634,3.19831,6.76107,6.26035,5.24563,5.76656,4.71599,1.71763,2.21681,4.72265,4.71634,2.73591,3.26001,3.72166,3.24438,-0.029391,-0.029391,-0.029391,-0.029391,-0.029391,-0.029391,-0.029391,-0.029391,-0.029391,-0.029391,-0.029391,-0.029391,-0.029391,-0.029391,-0.029391,-0.029391,-0.029391,-0.029391,-0.029391,-0.029391,-0.029391,-0.029391,-0.029391,-0.029391,-0.029391,-0.029391,-0.029391,-0.029391,-0.029391,-0.029391,-0.029391,-0.029391,-0.029391,-0.029391,-0.029391,-0.029391,-0.029391,-0.029391,-0.029391,-0.029391,-0.029391,-0.029391,-0.029391,-0.029391,-0.029391,-0.029391,-0.029391,-0.029391,-0.029391,-0.029391,-0.029391,-0.029391,-0.029391,-0.029391,-0.029391,-0.029391,-0.029391,-0.029391,-0.029391,-0.029391,-0.029391,-0.029391,-0.029391,-0.029391,-0.029391,-0.029391,-0.029391,-0.029391,-0.029391,-0.029391,-0.029391,-0.029391,-0.029391,-0.029391,-0.029391,-0.029391,-0.029391,-0.029391,-0.029391,-0.029391,-0.029391,-0.029391,-0.029391,-0.029391,-0.029391,-0.029391,-0.029391,-0.029391,-0.029391,-0.029391,-0.029391,-0.029391,-0.029391,-0.029391,-0.029391,-0.029391,-0.029391,-0.029391,-0.029391,-0.029391,-0.029391,-0.029391,-0.029391,-0.029391,-0.029391,-0.029391,-0.029391,-0.029391,-0.029391,-0.029391,-0.029391,-0.029391,-0.029391,-0.029391,-0.029391,-0.029391,-0.029391,-0.029391,-0.029391,-0.029391,-0.029391,-0.029391,-0.029391,-0.029391,-0.029391,-0.029391,-0.029391,-0.029391,-0.029391,-0.029391,-0.029391
"8",6,-0.029391,-0.029391,-0.029391,-0.029391,-0.029391,-0.029391,-0.029391,-0.029391,-0.029391,-0.029391,-0.029391,-0.029391,-0.029391,-0.029391,-0.029391,-0.029391,-0.029391,-0.029391,-0.029391,-0.029391,-0.029391,-0.029391,-0.029391,-0.029391,-0.029391,-0.029391,-0.029391,-0.029391,-0.029391,-0.029391,-0.029391,-0.029391,-0.029391,-0.029391,-0.029391,-0.029391,-0.029391,-0.029391,-0.029391,-0.029391,-0.029391,-0.029391,-0.029391,-0.029391,-0.029391,-0.029391,-0.029391,-0.029391,-0.029391,-0.029391,-0.029391,-0.029391,-0.029391,-0.029391,-0.029391,1.44051,1.90464,3.40557,3.38736,5.51203,10.0424,13.0585,13.3273,10.8706,2.34597,17.1339,18.3032,18.5698,13.6651,9.94773,22.4048,34.8955,39.5812,43.9304,33.663,29.074,37.9749,45.8764,47.6045,58.7873,63.3699,63.563,36.4139,60.4163,58.6534,69.6607,74.669,38.7679,68.8394,93.5226,93.4286,74.269,96.149,100.617,18.9039,93.9089,109.707,120.008,118.984,121.635,79.8922,116.546,84.4631,83.1836,93.5324,97.9613,114.268,134.453,148.096,151.184,141.478,148.936,151.65,154.31,157.061,154.612,172.184,173.062,98.7974,9.96471,76.8043,139.317,188.568,189.907,183.763,186.393,184.856,185.331,172.122,186.738,186.665,183.809,102.305,162.119,134.254,83.5717,134.263,82.7318,192.518,192.399,189.501,194.608,197.926,199.347,156.767,204.148,201.207,177.975,203.689,199.091,191.603,147.311,199.716,200.837,200.522,135.182,200.71,195.352,192.461,143.553,186.872,171.251,167.421,162.673,89.6708,176.905,2.65923,190.474,28.912,6.56347,186.582,181.49,191.143,187.536,185.592,179.501,147.244,153.965,166.124,181.867,176.444,176.214,32.8916,174.776,176.838,35.586,2.6682,176.169,168.035,172.746,9.13691,171.124,169.944,167.777,162.37,1.87903,145.058,164.21,130.18,48.5705,158.111,152.413,115.366,151.541,119.1,148.419,123.941,143.513,140.807,114.891,64.2254,66.3906,152.196,109.75,51.0834,1.87541,134.713,102.787,134.363,105.278,48.9065,133.013,130.322,88.3946,130.892,98.5374,79.6133,96.876,126.399,124.538,107.409,122.544,121.404,119.959,94.4544,44.7355,68.9979,55.5464,85.2358,67.747,14.7319,26.1169,45.6,111.668,106.682,58.0812,78.9735,105.281,101.535,103.67,101.575,99.6531,32.0335,13.7885,6.60329,109.46,107.335,68.111,95.3031,95.5333,97.5313,93.8484,93.0047,43.0851,87.8387,86.385,87.7721,88.7258,77.0235,30.3873,38.2045,31.7838,79.1861,92.6312,77.7526,73.6789,21.7285,76.5802,80.1573,18.6507,29.9096,35.1752,33.3099,35.0512,19.2528,28.9919,63.5119,63.7825,60.6416,59.2307,27.5015,18.1594,12.6561,44.5728,39.0305,35.8582,41.9002,34.9177,29.7461,26.6027,25.1498,35.6976,31.0623,14.5026,24.2482,8.70114,8.95047,7.57568,12.7399,11.7068,11.1683,8.8624,8.21416,9.86782,7.12667,6.07398,6.09872,9.72061,1.36393,7.38392,9.17327,6.98467,1.93613,1.88651,1.38036,-0.029391,-0.029391,-0.029391,-0.029391,-0.029391,-0.029391,-0.029391,-0.029391,-0.029391,-0.029391,-0.029391,-0.029391,-0.029391,-0.029391,-0.029391,-0.029391,-0.029391,-0.029391,-0.029391,-0.029391,-0.029391,-0.029391,-0.029391,-0.029391,-0.029391,-0.029391,-0.029391,-0.029391,-0.029391,-0.029391,-0.029391,-0.029391,-0.029391,-0.029391,-0.029391,-0.029391,-0.029391,-0.029391,-0.029391,-0.029391
"9",7,51.102,54.3519,91.7425,53.41,42.1992,10.0466,4.44832,64.1818,87.7995,81.8845,4.22853,63.1521,93.0148,64.3686,94.3761,65.0487,24.9073,79.4265,75.5094,81.3768,61.8553,82.8719,88.5331,4.96898,68.0847,98.7818,87.8706,88.9397,95.4425,95.4984,100.861,58.133,48.117,72.634,83.7659,76.4177,70.6849,124.917,124.635,55.8475,60.7014,54.7347,142.616,67.3834,22.5578,27.2726,120.679,87.0406,32.8504,164.104,101.532,174.626,114.145,111.452,113.071,81.2222,111.419,35.6551,24.3972,66.2821,207.788,229.667,222.555,178.943,8.5856,242.039,239.918,239.337,144.768,79.5216,216.087,257.792,262.271,271.696,119.268,134.033,227.564,50.1141,129.114,280.131,295.036,280.345,237.095,177.496,70.7759,56.0628,268.589,148.899,196.494,336.429,329.436,169.644,320.771,328.291,54.2023,280.945,348.612,364.418,368.232,355.909,246,328.631,118.511,94.1397,299.085,197.017,319.151,359.944,385.528,382.097,350.977,369.438,372.852,373.889,375.473,314.706,407.901,400.638,184.181,378.631,196.311,173.527,417.501,417.708,403.377,404.989,397.813,396.66,362.888,401.459,399.15,268.89,125.655,396.273,271.567,278.488,394.149,267.546,399.125,391.465,384.68,396.882,405.913,405.295,405.513,325.675,405.421,348.117,409.574,403.011,388.309,322.072,403.027,398.128,400.69,346.338,404.195,391.395,380.31,305.234,369.381,254.275,391.036,382.636,254.037,330.453,8.86546,384.545,102.381,13.6086,321.473,325.891,384.009,381.168,384.71,366.782,376.171,266.617,365.343,373.79,359.683,363.666,225.917,366.237,202.425,217.059,55.4645,372.102,354.381,370.377,71.137,376.27,372.368,367.828,202.657,176.837,273.251,367.063,273.359,256.029,356.371,277.267,301.968,344.739,261.041,333.848,288.735,325.501,319.405,304.986,203.312,232.743,364.01,275.922,5.02197,57.0815,183.209,325.343,107.512,329.616,165.079,335.18,324.972,287.588,331.905,245.365,109.46,333.232,331.468,331.387,324.46,324.195,292.207,326.991,320.808,138.349,275.789,178.979,251.86,164.117,22.1777,45.4265,188.827,318.308,303.921,258.487,300.961,309.953,296.982,312.269,307.083,298.801,237.118,57.2097,60.1064,341.693,336.332,225.133,304.685,144.328,315.846,308.456,303.935,155.928,294.309,293.695,302.638,305.675,272.121,156.085,213.719,93.9303,289.405,330.656,286.525,282.436,143.623,290.594,301.549,24.2994,52.5197,113.786,184.294,230.494,76.9011,134.31,277.435,283.589,275.382,270.543,86.1332,86.5172,37.8676,179.202,182.011,281.426,174.889,270.961,167.838,250.022,248.661,241.942,229.491,183.417,220.982,6.75468,77.5714,4.48744,241.834,240.447,238.696,230.056,216.744,183.89,205.087,205.224,204.045,82.1119,46.343,179.023,198.556,67.3924,174.582,124.163,173.09,164.351,155.329,154.228,56.6803,14.0231,181.018,168.941,21.0352,28.9332,162.804,149.349,142.887,49.8987,30.8062,25.6859,12.9711,135.219,89.2858,47.7114,29.5563,109.758,111.373,104.106,103.645,106.83,98.3609,116.632,107.417,12.204,31.5727,84.7821,10.0349,51.9269,9.12388,5.88532,99.0368,62.9962,56.3669,86.213,38.3752
"10",8,10.8018,37.7311,193.402,191.117,294.468,15.8196,186.106,193.17,303.292,164.768,182.814,96.3502,318.391,31.0633,319.941,208.11,185.039,200.199,88.1285,282.947,95.7217,285.394,298.928,288.65,61.4963,210.377,23.1226,294.192,51.1634,167.946,317.881,241.435,159.633,264.534,267.121,262.385,275.251,267.288,352.339,264.77,179.331,66.0058,283.795,329.236,10.9833,119.691,238.857,260.219,244.922,409.162,342.723,412.745,289.305,354.991,418.647,251.917,154.028,197.574,202.663,181.437,455.916,480.634,461.782,408.039,8.56034,494.113,485.889,476.713,376.082,289.637,362.576,496.224,501.141,503.624,353.32,436.834,378.138,258.737,273.727,510.676,521.343,496.941,358.458,381.922,29.965,150.088,343.642,348.713,461.34,559.097,545.38,76.5222,528.444,532.999,144.881,376.105,564.837,577.862,579.5,561.479,121.266,425.683,310.526,108.918,521.151,504.608,357.672,476.6,587.206,578.176,449.287,558.802,562.019,558.277,550.068,500.651,599.282,581.909,442.238,249.111,366.805,311.102,603.379,599.225,575.242,569.375,564.067,564.986,526.347,500.07,572.466,443.117,351.627,569.584,444.935,261.165,563.274,568.356,566.256,547.31,539.994,559.269,573.237,570.36,492.549,578.824,463.378,518.507,575.25,567.861,551.237,483.237,567.97,556.757,561.705,494.926,547.534,550.012,530.785,523.074,519.607,431.604,551.837,536.418,545.404,382.903,19.0561,543.896,150.835,18.9862,488.091,541.315,517.255,538.595,540.793,530.968,460.731,521.849,525.668,531.542,510.455,517.895,385.944,526.07,459.112,171.276,10.363,532.207,510.951,536.605,97.1628,547.124,538.721,534.047,421.096,237.518,423.842,534.294,418.104,366.426,524.458,429.263,486.277,509.48,417.59,495.931,362.626,488.146,472.643,459.338,394.798,374.754,541.953,450.212,166.206,115.722,324.621,498.77,510.18,500.27,194.025,504.96,499.125,495.91,503.394,501.14,503.909,506.726,507.61,510.698,500.184,501.558,506.12,506.892,495.846,501.154,435.499,345.896,407.667,339.656,162.865,20.8216,391.442,497.551,477.74,184.697,470.963,489.175,477.683,497.268,488.269,474.431,270.089,82.0311,212.51,544.909,536.441,355.063,492.637,206.781,508.579,494.994,486.193,441.344,482.118,484.296,496.658,497.396,458.486,426.142,380.508,245.429,479.836,535.697,296.607,475.091,213.933,491.652,501.631,110.987,238.455,14.6062,101.515,397.408,232.772,327.911,478.103,486.342,476.693,467.471,247.195,246.537,27.0656,512.541,487.218,499.577,371.331,484.441,343.167,455.476,454.998,450.014,432.487,214.372,419.948,142.516,115.471,129.342,464.482,461.549,459.491,443.451,427.235,307.083,416.264,414.984,411.256,129.198,45.7167,388.528,418.478,369.212,382.19,243.059,376.221,91.5291,216.241,353.705,350.407,2.77635,404.613,387.145,177.494,42.1574,386.231,363.43,283.533,69.4279,26.9917,74.5276,60.8267,355.419,234.286,256.336,85.2641,47.3295,46.2358,298.598,302.361,305.146,172.733,336.525,220.641,129.699,140.442,267.096,63.6707,111.73,211.02,12.9003,315.806,317.235,296.629,287.218,120.699
"11",9,45.4569,110.788,333.391,521.607,471.952,98.8827,340.803,506.203,483.803,461.471,376.814,186.141,346.563,120.968,509.572,510.789,319.716,159.927,181.775,460.399,300.226,460.068,476.299,466.979,190.426,353.196,74.908,467.418,161.184,481.374,165.629,386.591,214.175,427.065,443.962,448.633,452.085,322.707,533.907,534.7,343.657,269.627,561.224,437.706,117.288,16.9976,295.492,198.549,412.355,597.897,496.653,591.08,491.576,526.673,539.274,575.608,302.996,474.334,260.958,418.016,638.012,650.709,625.143,572.44,28.6416,673.396,656.714,645.55,242.619,325.334,663.247,659.135,671.186,652.948,140.33,584.4,214.178,164.255,670.651,681.219,683.431,658.064,384.311,225.895,173.279,214.231,356.819,560.822,527.36,716.871,702.223,138.723,680.956,681.773,120.188,454.701,724.189,736.139,736.984,714.811,113.323,614.356,263.178,173.591,694.362,642.073,561.702,519.681,738.102,529.776,643.123,703.132,707.806,669.702,678.86,567.556,738.216,713.814,512.176,600.437,671.084,506.584,745.442,733.647,700.152,691.038,689.547,629.796,549.178,635.715,579.489,606.756,634.805,438.456,506.06,461.821,690.808,631.085,696.159,666.682,661.023,686.347,702.737,698.537,697.117,705.729,701.205,716.988,696.659,545.342,672.122,610.583,695.255,674.663,679.777,559.325,526.983,668.478,640.825,599.791,564.309,426.096,626.164,684.32,666.685,653.196,166.401,667.775,246.259,42.1838,551.259,670.125,650.468,658.779,641.758,651.912,647.237,645.539,633.411,652.002,621.921,571.693,480.078,652.951,577.426,314.477,307.607,655.322,633.238,663.899,250.246,680.686,662.385,663.427,565.172,191.871,577.679,661.89,526.683,591.35,651.83,623.007,606.665,632.103,628.548,621.49,188.278,617.514,586.468,580.813,529.322,333.241,676.075,660.385,112.516,62.2991,635.826,511.368,637.6,512.98,577.176,639.392,520.546,625.467,630.209,629.953,363.936,635.903,638.851,644.167,626.752,632.35,524.787,514.524,381.199,635.87,628.048,427.293,649.084,231.244,59.5418,101.046,241.9,623.865,609.394,281.603,601.994,608.731,611.901,635.861,622.884,606.222,618.362,170.955,380.884,691.216,678.701,470.248,630.805,532.701,645.052,638.919,614.65,362.998,619.866,622.441,635.852,633.506,604.675,419.799,357.818,478.411,494.963,678.207,326.743,444.233,328.24,636.411,641.531,156.048,444.104,54.0837,20.8782,245.819,280.422,592.123,617.364,624.919,614.255,602.679,499.04,472.104,91.3565,657.813,625.756,647.519,658.032,626.526,464,598.134,593.169,592.055,574.883,28.6481,561.544,434.443,21.4277,406.999,615.967,611.287,610.886,588.671,566.225,560.237,559.831,561.312,554.776,434.111,94.8209,384.783,571.812,305.618,288.326,393.438,524.831,73.3599,496.795,503.136,373.386,184.384,569.924,372.206,472.871,290.799,549.5,523.34,503.056,220.852,173.76,82.4119,108.144,525.115,417.812,336.664,170.033,147.351,81.2436,455.497,464.164,463.843,222.252,511.855,483.65,27.7891,74.1666,186.212,274.249,276.777,112.769,50.8592,345.119,342.624,466.462,257.846,201.769
"12",10,209.446,87.0582,632.83,447.561,582.511,127.364,349.635,613.569,597.378,441.188,435.398,362.889,449.829,90.9553,628.787,623.636,421.644,439.916,148.479,462.231,190.305,445.04,591.346,581.227,598.818,447.08,68.3049,81.8681,235.129,389.162,614.557,357.315,153.359,660.773,563.093,559.038,659.986,410.23,647.447,379.421,114.422,210.378,681.016,497.57,123.158,79.2506,526.275,211.867,72.3232,724.214,647.674,707.274,593.197,733.479,705.022,691.139,581.182,512.412,101.914,631.533,758.862,761.303,730.298,696.482,129.21,795.036,771.212,758.012,350.942,111.87,801.863,748.957,784.59,765.896,33.0117,563.927,251.002,124.959,788.658,795.888,792.358,764.533,588.342,445.083,217.904,286.023,412.788,626.984,626.256,818.647,786.257,174.729,772.507,773.724,98.0568,502.242,832.373,846.373,843.03,820.043,340.567,591.493,376.928,280.005,792.739,733.458,594.418,762.386,830.331,496.783,776.551,796.782,800.733,787.039,746.884,766.224,827.265,796.576,539.251,776.517,753.271,537.307,838.073,812.975,769.086,780.572,775.474,685.775,750.384,477.651,550.469,701.808,776.148,794.993,484.604,651.425,776.464,615.156,242.513,748.938,746.68,774.704,789.243,784.766,786.342,728.413,786.778,804.935,732.473,778.114,728.192,537.743,773.527,659.633,749.062,584.787,604.583,748.046,710.391,699.565,663.793,670.563,733.069,773.401,762.344,597.767,495.679,750.5,44.362,35.4582,639.003,754.995,715.06,740.652,695.974,731.949,680.028,728.615,728.005,730.427,694.617,687.888,632.324,734.561,712.554,505.908,120.991,735.451,719.327,750.839,414.011,770.796,751.005,752.54,733.205,453.238,602.966,750.189,618.926,575.472,691.412,702.072,683.503,711.283,688.073,703.821,589.678,706.693,667.392,664.129,345.892,403.525,766.229,739.46,88.3524,157.849,570.08,639.835,728.906,551.925,599.032,734.205,728.352,715.018,710.764,555.779,77.072,717.301,727.249,729.704,710.696,717.003,726.771,551.193,585.54,724.566,708.781,703.227,738.469,528.761,31.116,519.457,595.937,630.579,641.913,556.203,695.466,684.433,699.079,725.658,700.17,701.346,706.079,267.612,438.561,781.95,770.371,588.188,719.372,743.401,733.672,717.896,689.758,115.012,704.944,709.025,721.278,716.735,595.345,343.456,372.472,430.651,696.909,763.282,488.572,526.019,386.026,725.49,726.847,188.846,293.708,378.396,263.36,315.325,221.907,671.97,700.055,709.936,697.546,686.431,682.562,649.67,306.977,751.351,712.596,742.397,749.104,713.014,513.806,682.153,675.202,674.222,662.834,516.163,641.579,473.743,12.2498,677.098,710.55,703.915,701.203,673.445,646.231,530.597,645.565,648.901,636.424,612.361,110.292,629.043,663.045,355.341,401.695,424.947,610.498,280.436,584.679,589.924,483.733,127.279,665.55,546.091,73.5818,76.462,642.234,507.58,592.779,571.396,207.731,89.6174,330.484,621.024,382.836,465.241,375.865,231.787,157.553,551.67,559.99,556.695,144.049,614.914,503.737,101.501,64.7369,246.991,366.256,560.649,194.011,138.759,606.896,527.063,562.652,566.206,245.524
"13",11,156.671,133.913,503.086,688.165,484.29,132.095,495.864,486.902,651.791,626.454,391.479,128.338,678.553,88.7862,687.436,676.382,556.22,491.731,190.832,363.772,478.193,470.537,648.685,639.785,464.042,496.712,145.82,169.395,241.256,421.913,256.779,652.611,35.5009,601.751,626.298,617.324,722.312,362.224,703.384,141.61,438.632,341.284,609.054,583.378,276.634,206.553,665.727,599.629,199.7,790.562,805.444,762.559,706.109,788.948,761.788,747.121,563.809,461.967,138.692,710.587,815.432,813.106,783.422,754.311,171.659,798.353,825.137,783.163,497.147,85.3026,864.259,833.077,842.564,833.782,53.9697,695.973,123.659,107.464,848.867,854.819,843.678,819.483,628.855,465.347,194.81,291.647,448.062,459.152,699.248,863.07,834.984,617.512,807.803,818.702,59.7468,649.458,885.025,897.106,891.358,873.816,520.725,681.304,774.409,350.661,829.317,629.428,729.73,853.421,864.726,709.002,658.473,840.106,845.743,826.266,807.707,805.886,864.984,821.182,574.127,814.719,714.528,301.797,881.33,847.192,795.042,825.662,814.875,698.72,733.223,657.748,704.069,651.884,646.983,836.947,359.634,551.442,672.428,430.016,590.812,788.593,789.53,818.116,829.908,824.983,829.601,829.282,827.658,845.017,817.097,655.22,795.658,422.65,703.496,708.267,767.363,538.698,513.624,792.621,749.446,734.791,760,638.854,800.937,763.378,803.612,633.787,744.809,787.367,186.167,59.7398,613.275,797.236,750.097,781.559,767.435,770.812,516.632,771.339,763.284,762.067,727.714,715.937,644.996,770.475,795.853,491.468,215.243,733.647,761.417,646.483,119.878,813.552,794.627,748.644,658.561,485.296,669.112,790.459,617.994,627.9,730.581,712.918,722.294,748.674,750.11,744.523,527.898,439.758,692.962,689.299,132.254,650.13,808.633,768.879,171.367,383.901,779.852,657.472,774.865,578.432,272.764,635.064,699.498,761.031,752.241,764.921,89.191,759.814,769.924,767.349,749.406,755.509,770.197,151.454,743.65,641.928,738.838,582.738,778.269,601.629,269.111,571.545,455.516,745.883,667.368,638.6,743.703,631.086,739.1,541.694,572.321,749.045,688.011,365.714,427.618,817.162,806.648,504.13,756.059,780.859,768.172,746.257,721.217,256.993,735.664,741.729,625.723,741.689,578.106,176.982,357.142,455.285,729.868,795.077,741.239,377.025,304.592,760.456,758.321,394.131,322.687,405.503,112.632,600.688,307.472,700.997,729.095,739.022,726.408,717.96,712.659,568.157,186.755,781.889,745.05,776.984,779.283,742.392,559.321,711.374,705.76,704.261,695.919,230.329,671.821,207.514,152.925,719.285,745.34,737.884,731.036,700.346,672.576,553.855,671.63,680.461,660.834,646.709,124.359,660.858,693.062,457.052,292.806,416.046,643.738,350.083,431.318,626.457,619.769,36.3186,697.018,444.45,114.305,259.253,675.28,474.522,447.088,539.665,252.9,324.461,491.191,524.15,374.568,562.771,69.5882,292.411,183.322,593.347,483.565,596.085,223.487,656.92,457.192,141.788,388.872,413.764,406.66,610.348,86.1104,120.423,655.895,574.155,613.347,617.498,423.233
"14",12,184.637,112.408,492.348,481.191,386.173,138.542,221.05,663.822,649.35,493.531,597.99,101.92,593.377,156.107,687.865,673.389,448.419,287.287,318.51,221.212,640.295,229.955,648.521,631.796,665.001,501.414,59.9802,283.783,286.105,398.653,292.4,574.59,144.435,630.664,616.835,624.767,725.553,367.797,702.365,207.842,553.646,180.804,463.587,16.4243,548.467,115.919,676.85,375.893,68.6124,796.97,801.888,680.565,702.939,792.506,767.424,749.263,532.644,454.883,199.552,699.171,815.054,800.217,772.689,735.629,284.501,826.607,725.615,815.13,548.607,34.485,863.588,798.295,844.566,834.358,153.975,636.374,264.69,199.102,846.505,854.016,838.639,817.173,542.526,743.163,248.616,433.108,407.683,368.423,628.565,849.219,812.2,224.793,793.767,812.901,43.054,325.215,879.058,889.575,881.789,870.716,270.392,582.547,656.159,679.91,558.974,590.097,148.62,836.718,847.009,641.579,669.378,831.262,836.675,615.753,800.98,800.312,851.318,819.747,605.665,789.442,655.649,371.673,875.828,836.98,796.689,821.703,808.451,680.918,785.164,666.642,726.667,647.68,803.378,818.32,239.25,564.244,519.595,474.369,504.726,784.769,787.623,814.827,814.401,818.138,818.873,821.516,818.608,835.048,800.659,643.16,99.4188,380.199,660.394,675.721,466.669,601.87,542.368,469.91,750.907,731.623,751.617,527.388,791.964,693.782,797.023,620.373,787.733,776.268,151.163,54.0247,761.723,734.892,757.226,775.165,767.004,769.093,685.68,769.405,754.93,747.989,731.289,686.089,689.9,765.417,788.811,550.47,285.254,762.779,645.906,471.436,80.0606,806.01,789.167,750.692,396.104,616.155,635.555,788.629,571.865,656.419,652.749,685.167,737.424,703.425,487.741,736.182,287.693,744.324,631.531,694.601,565.507,692.355,804.324,758.324,223.439,470.03,780.033,775.618,770.076,760.659,495.014,779.952,663.732,764.063,752.446,763.72,178.254,759.91,765.611,759.192,742.607,754.776,776.834,210.435,736.676,604.574,627.954,715.993,764.378,579.408,288.335,750.909,307.161,738.302,608.524,666.096,763.742,440.805,330.142,736.808,725.9,747.277,146.815,170.62,568.861,797.922,791.764,430.41,585.623,763.33,751.781,728.019,719.792,235.04,734.154,574.967,496.441,719.226,520.052,200.788,443.738,395.081,706.106,772.313,532.28,388.624,227.988,740.131,738.283,587.033,507.636,535.445,344.794,402.965,322.115,679.67,700.05,714.597,699.549,693.209,689.036,287.306,189.366,753.333,723.282,753.767,748.88,715.913,610.224,685.65,681.24,676.215,671.576,211.493,645.911,124.428,76.9653,703.192,720.386,711.636,703.308,667.949,658.082,570.664,659.183,658.81,635.172,621.097,209.92,340.348,665.944,375.023,431.083,203.299,626.559,96.807,597.909,607.403,399.458,64.2233,673.73,585.396,119.588,214.269,652.4,549.748,550.737,592.479,64.6642,340.991,519.289,501.528,530.224,472.191,105.331,182.563,196.256,584.238,581.447,505.231,631.415,640.929,510.781,58.7761,209.133,9.08019,450.477,600.623,183.696,323.954,643.793,499.117,605.565,355.772,339.325
"15",13,243.021,83.2242,478.529,446.478,171.505,152.477,123.01,606.483,588.607,496.31,420.051,150.221,500.127,234.837,628.921,474.822,462.106,461.819,327.828,172.832,589.671,202.02,522.227,443.569,609.199,426.092,207.644,405.004,352.304,607.315,460.464,481.619,266.742,687.466,586.245,587.891,673.857,362.106,651.384,308.298,457.664,296.703,610.142,70.0244,333.758,660.709,548.155,106.373,93.1544,740.149,744.529,609.176,698.151,733.047,712.882,693.211,301.637,267.565,105.391,627.287,755.561,739.006,704.4,393.369,543.555,785.436,592.646,757.029,197.395,46.4722,800.877,771.302,777.093,776.214,166.506,450.164,276.819,409.55,782.948,789.108,778.906,752.856,534.414,725.602,359.523,395.82,377.718,261.356,599.622,784.007,734.04,244.167,735.854,754.53,86.8186,516.297,816.015,820.471,814.686,809.378,173.453,297.945,360.572,647.533,727.909,553.771,201.094,642.751,779.622,573.351,754.803,772.789,773.27,551.937,745.207,742.664,785.903,755.446,368.244,746.855,536.192,348.26,814.761,777.723,752.881,766.255,752.493,637.01,731.467,707.587,684.845,520.589,557.508,488.341,293.787,481.848,633.383,740.04,508.697,636.148,734.397,761.879,758.582,763.191,765.161,765.849,763.545,777.378,743.637,629.128,599.141,449.787,599.96,579.239,636.81,594.891,579.622,198.736,705.917,683.223,701.785,737.75,737.816,751.67,740.411,456.073,735.801,723.867,42.8503,38.6882,420.288,99.4467,687.437,727.95,726.181,723.021,691.256,695.395,707.365,699.551,697.206,600.646,597.337,721.33,706.15,398.478,213.111,601.415,539.103,440.077,83.5155,748.724,744.078,615.964,61.7842,357.843,735.608,739.957,620.996,616.23,559.198,595.421,699.912,631.078,694.781,241.272,560.906,572.574,363.732,673.825,618.032,614.405,754.062,593.104,352.762,455.347,729.837,614.82,722.111,711.445,723.85,95.0324,377.938,717.482,707.535,715.394,347.079,717.596,717.942,705.451,689.122,704.973,455.393,149.283,548.275,565.688,541.126,331.75,707.661,570.376,338.557,418.795,414.088,685.798,537.208,611.412,706.917,476.968,545.933,675.723,613.869,693.446,87.8802,160.054,480.939,730.513,724.782,399.099,562.693,459.637,683.19,664.83,665.132,146.566,589.623,381.533,342.184,642.834,327.208,197.133,214.975,386.798,639.069,699.549,424.602,477.331,241.199,665.804,664.336,560.539,247.041,440.267,486.981,255.217,299.246,610.993,622.011,636.508,621.618,617.464,610.65,518.154,103.747,666.715,642.648,670.868,664.107,637.359,481.748,606.375,604.706,595.607,592.569,129.502,570.293,142.996,22.99,629.581,637.759,626.834,615.64,585.64,582.472,497.957,577.843,575.994,557.918,542.436,89.0814,384.84,582.741,533.971,230.96,535.325,548.53,218.082,521.939,535.781,451.298,50.5512,592.815,569.603,15.6051,76.4837,573.344,555.34,443.47,485.402,78.6895,212.696,435.949,489.803,366.863,439.629,68.137,182.681,213.983,515.972,511.507,512.345,566.762,569.817,374.454,191.915,304.703,15.7119,533.927,535.05,103.109,148.178,573.437,375.177,546.057,552.882,539.574
"16",14,99.0156,76.5814,331.083,317.657,72.6911,71.9219,128.906,316.51,473.373,381.127,215.201,146.3,393.138,162.675,512.389,366.511,327.732,313.786,62.0539,145.545,484.098,174.972,484.311,460.401,498.027,366.082,96.5549,274.466,259.591,361.565,508.12,424.082,52.5616,446.786,450.236,443.998,564.033,443.777,549.15,341.622,329.425,435.198,565.289,113.903,277.71,557.393,606.882,152.962,48.7714,624.798,629.329,547.358,643.937,619.215,604.955,492.669,471.996,455.063,222.332,511.549,640.363,621.017,609.328,506.929,350.107,639.37,557.149,644.578,138.77,200.657,679.459,659.119,655.508,661.286,194.068,531.911,41.3105,369.683,664.341,672.655,662.591,576.214,521.704,617.836,309.776,338.778,335.26,174.987,532.688,665.733,657.833,289.287,631.492,643.099,371.141,436.568,696.359,697.602,696.587,689.899,195.859,203.939,353.016,440.611,646.239,325.659,285.971,675.556,667.87,557.061,643.064,661.593,662.104,280.823,636.258,636.148,675.564,577.974,396.494,640.75,637.576,238.993,703.065,671.085,656.809,662.827,650.697,517.018,555.264,640.336,473.916,405.87,640.662,552.946,322.774,569.643,534.542,634.331,544.223,630.412,629.462,660.864,656.781,660.611,663.684,661.87,662.913,672.991,644.016,454.438,398.814,374.618,559.821,404.407,510.322,551.189,510.64,111.001,546.053,425.807,437.555,639.986,640.568,584.488,639.137,431.663,639.227,126.221,532.373,33.2601,421.78,336.891,467.995,352.19,639.168,630.925,636.314,626.432,620.628,612.563,616.03,622.125,516.717,632.216,596.295,407.517,200.37,620.503,474.43,363.043,206.493,651.134,655.28,174.02,48.964,343.79,510.204,649.072,540.522,637.997,640.452,354.232,617.237,607.619,610.935,149.565,500.762,548.235,483.934,588.897,515.526,541.164,658.426,396.715,363.178,479.558,632.826,631.632,626.275,618.086,630.524,417.143,319.767,624.362,614.883,542.304,390.624,623.299,623.17,607.17,457.685,607.276,621.51,397.825,590.901,595.559,424.149,204.745,449.078,462.227,108.114,167.657,482.715,495.059,418.915,490.16,600.927,468.357,450.575,570.361,445.285,584.376,65.0762,209.355,419.504,615.71,609.216,268.613,570.957,576.792,568.63,557.438,557.452,140.099,547.586,192.862,110.104,528.619,282.03,183.873,118.302,422.75,522.14,574.229,284.658,272.023,161.017,542.79,535.574,383.435,235.142,242.93,363.759,251.561,32.6626,491.521,495.282,508.519,495.67,488.346,482.297,304.231,94.1812,526.069,508.282,531.21,524.389,505.281,481.601,475.236,474.051,461.151,463.466,122.294,440.741,74.2726,354.175,494.641,494.516,486.655,476.795,458.17,453.736,279.81,448.895,441.277,428.807,410.161,81.586,235.462,447.265,405.971,189.122,405.407,418.23,51.3445,117.05,407.594,130.357,61.7116,451.752,322.839,383.501,4.48854,438.056,418.894,348.012,383.496,88.059,228.435,256.186,330.489,180.272,307.338,65.1036,78.4871,395.451,199.145,388.275,284.189,437.608,437.622,208.644,335.722,387.866,4.35486,352.117,411.995,39.0457,67.6079,447.264,378.108,427.519,431.323,422.704
"17",15,36.8207,29.3543,281.312,298.033,77.5619,47.8307,47.1257,301.458,291.057,184.401,176.98,4.54872,208.923,83.4735,326.993,204.722,205.68,229.235,25.3072,66.9093,310.002,295.31,154.703,290.667,328.995,332.015,110.784,168.153,217.361,104.288,341.741,361.899,35.4956,391.903,280.037,278.151,393.376,380.411,384.298,291.551,287.449,292.162,403.255,12.6505,100.394,230.24,389.991,298.036,38.1063,451.817,456.939,406.481,469.428,185.262,438.727,426.803,249.995,308.01,218.26,186.615,475.403,456.203,448.233,127.184,137.91,485.269,382.221,478.697,248.375,70.7235,505.503,486.533,478.126,496.12,65.0216,281.28,18.1877,439.3,495.142,497.681,495.995,395.354,401.021,459.861,244.175,279.131,332.309,52.8425,421.6,503.559,500.136,237.343,478.04,481.572,262.051,453.828,527.445,527.826,526.409,522.178,113.711,171.88,419.635,419.111,391.318,22.6919,64.2463,513.163,507.642,429.255,486.391,502.29,502.441,450.292,484.765,467.692,519.333,218.497,428.197,487.587,487.326,103.063,543.268,517.553,512.816,513.936,502.067,233.518,460.213,489.118,297.216,373.216,492.83,403.128,149.63,401.284,171.684,394.083,401.116,448.935,423.883,517.865,510.548,515.058,518.486,515.731,522.622,526.848,501.427,344.909,123.778,186.615,476.742,426.408,69.9294,362.54,367.71,512.296,467.046,266.297,63.325,503.152,495.542,389.27,471.475,266.483,505.409,52.3784,438.857,27.1091,337.82,213.578,98.8772,502.327,507.708,499.416,502.811,497.935,493.904,489.62,491.943,464.678,445.976,464.754,516.667,170.526,217.735,408.896,498.727,425.335,144.768,513.533,494.086,514.67,39.5381,109.234,414.457,515.407,398.528,503.673,426.13,482.103,496.42,480.942,480.5,447.136,279.522,394.085,411.142,462.654,413.399,480.656,521.37,499.789,168.495,283.45,353.171,357.825,487.235,479.02,490.997,43.5609,345.092,482.586,478.707,306.207,277.383,483.897,479.436,465.503,188.2,465.578,475.259,379.648,452.413,454.068,392.264,259.783,234.864,253.962,143.87,237.735,373.176,390.938,341.953,418.993,445.718,400.97,98.4082,344.604,425.798,430.361,85.083,239.793,209.096,455.017,449.7,168.543,411.255,416.798,233.174,405.989,394.61,95.0771,240.732,20.0831,253.83,370.147,233.117,59.7264,36.3205,320.451,356.936,398.69,157.905,75.2641,104.226,371.413,350.804,350.99,112.989,276.081,250.685,97.3645,140.421,314.327,316.326,324.49,309.134,305.768,298.1,197.1,250.389,326.5,313.914,327.992,318.251,308.101,289.11,285.804,280.83,270.283,272.232,68.2131,250.299,74.3165,192.975,285.833,283.363,276.136,270.453,262.332,256.183,185.009,246.618,243.198,236.425,145.848,29.4343,45.0862,244.057,212.68,101.5,214.949,105.526,46.455,204.892,217.597,95.0174,53.3542,241.742,206.957,198.752,4.51329,235.131,222.706,138.093,195.398,34.5282,27.2297,78.2981,157.06,127.004,232.461,88.6113,63.152,212.419,206.623,205.37,204.622,242.183,243.318,61.6564,116.562,213.079,59.5976,185.578,164.164,16.9147,23.7195,252.872,259.299,245.883,245.4,242.239
"18",16,13.3969,11.0818,64.6595,72.0892,22.3855,8.15882,7.46593,79.838,78.9352,39.7967,12.868,16.466,45.2289,18.0717,102.759,104.381,48.3084,87.4884,16.392,20.1499,104.025,97.6681,12.2847,96.4374,116.91,120.112,11.7058,65.7501,35.2012,127.121,21.505,89.8496,22.2166,158.523,95.9829,166.236,166.259,160.222,164.955,111.724,77.0901,150.647,182.336,3.6056,52.7036,177.58,121.26,178.769,6.82851,215.025,217.628,137.161,225.95,153.875,212.313,206.235,48.0426,151.839,32.4444,106.936,240.405,230.308,167.778,121.586,70.7845,255.966,216.799,243.965,228.666,159.983,267.197,258.147,251.65,265.385,44.0551,149.44,16.7546,240.986,267.65,273.399,271.632,210.972,231.423,251.67,67.1698,247.774,238.611,21.7628,160.818,285.098,273.589,264.198,272.134,268.438,64.3533,255.657,302.729,302.844,304.609,300.786,29.4328,65.4087,259.418,248.563,139.644,16.4415,39.4882,300.813,300.408,152.213,286.358,298.119,298.834,273.113,289.227,271.307,315.003,280.352,282.216,294.148,292.534,9.20895,332.186,318.938,317.335,317.883,312.063,177.224,235.219,299.126,202.805,225.899,307.035,248.163,134.217,304.162,140.556,228.938,274.667,309.536,126.569,332.493,326.205,329.599,333.384,328.951,337.506,340.818,322.393,193.838,99.3962,152.042,314.033,315.561,259.305,148.037,267.102,335.243,290.488,253.487,68.9706,331.126,160.286,282.965,288.795,253.884,199.96,30.7275,304.621,20.1529,304.453,272.933,92.7991,335.494,338.523,333.51,299.074,335.453,332.375,331.001,329.986,265.304,201.419,333.846,345.694,145.644,56.4092,337.416,334.356,217.301,73.8999,346.076,351.067,284.478,62.4152,69.5017,251.93,345.419,286.734,190.243,75.0949,8.7757,328.423,310.201,318.435,145.014,273.348,313.229,245.394,278.13,252.475,311.903,340.767,328.145,133.076,178.884,263.47,300.022,311.308,267.767,312.184,9.67104,217.278,303.328,300.195,82.2157,274.862,301.305,296.114,211.055,116.21,282.393,86.6649,225.52,271.765,271.783,191.069,213.125,174.027,59.7544,128.395,177.009,250.052,241.334,163.127,223.806,246.409,186.65,229.729,1.75782,227.523,145.708,93.6421,119.056,143.051,237.475,232.084,80.6618,1.8368,205.801,202.205,197.261,186.194,111.672,134.908,79.9392,104.402,163.362,126.991,28.0789,86.9412,117.744,148.297,168.365,138.086,109.446,59.9484,147.207,132.585,131.218,52.5438,118.408,98.3769,40.5433,77.0291,107.222,105.032,105.66,97.1748,95.051,90.5501,44.1589,34.1007,95.3255,88.9965,91.2834,86.5176,82.7635,74.6774,72.4453,69.0694,64.4305,63.8476,21.9013,20.0801,11.4528,18.3251,58.7379,55.908,52.0924,50.4006,47.5417,44.7627,28.7335,38.3735,35.6786,32.5756,27.2202,6.11658,18.4045,26.6716,20.2811,21.424,21.2706,8.45762,19.1796,18.5175,20.3258,4.78081,16.6207,23.869,12.2343,17.1924,2.42279,22.0229,20.37,11.9845,10.2276,7.40512,14.9162,11.7896,12.4257,9.43477,22.7867,4.01154,19.2461,21.0496,19.9809,20.5027,11.8544,27.1728,27.8506,10.8167,7.92981,24.7696,4.79713,30.8663,17.2352,5.60675,7.0766,44.2521,27.8844,46.9317,48.3845,47.9804
"19",17,-0.029391,-0.029391,-0.029391,-0.029391,-0.029391,-0.029391,-0.029391,-0.029391,-0.029391,-0.029391,-0.029391,-0.029391,-0.029391,-0.029391,-0.029391,-0.029391,-0.029391,-0.029391,-0.029391,-0.029391,-0.029391,-0.029391,-0.029391,-0.029391,-0.029391,-0.029391,-0.029391,-0.029391,-0.029391,-0.029391,-0.029391,-0.029391,-0.029391,-0.029391,-0.029391,-0.029391,-0.029391,-0.029391,-0.029391,-0.029391,-0.029391,-0.029391,5.63341,-0.029391,1.38536,6.75101,8.55251,7.45665,2.88073,10.8986,11.0961,7.61444,12.656,12.6139,8.19596,13.1613,3.36027,12.5039,10.7136,14.411,19.6789,20.0521,13.9149,23.2558,21.4834,31.6894,28.2763,33.7157,32.6366,10.17,40.7208,41.0114,40.9037,44.2869,7.00047,30.1796,19.4925,45.2184,50.4196,52.8537,52.7966,52.4874,50.7428,52.8409,30.0439,54.7264,56.8687,7.27279,50.6189,63.8196,64.6011,60.7557,64.28,63.4189,39.403,63.9832,73.297,74.7574,76.3474,75.506,15.5601,46.536,68.5301,76.1503,29.7761,20.3505,42.6127,83.3658,86.1579,57.3249,84.5377,86.1069,89.3523,57.0649,87.1364,89.6317,96.8555,86.1135,50.2616,93.3459,93.1802,28.4545,105.191,103.482,103.354,104.661,105.446,100.025,106.004,104.59,74.4,109.114,108.498,103.657,48.7195,104.15,112.317,113.353,110.57,115.202,97.446,124.617,123.265,124.958,127.891,126.163,129.7,131.955,127.526,112.111,126.274,94.7163,129.585,126.184,130.452,102.331,123.605,136.888,133.724,132.23,92.1893,138.862,26.1207,134.388,87.5647,96.6054,28.0143,37.1267,142.543,17.9173,141.555,91.5846,21.7915,127.61,148.373,144.776,110.232,145.807,146.99,145.465,145.21,135.921,32.7345,147.562,146.605,28.7813,149.658,148.57,147.039,112.624,50.3663,150.792,147.972,148.307,123.972,45.9881,134.261,147.038,135.571,50.311,96.7826,5.73179,138.84,124.915,136.723,129.53,131.649,124.226,96.9914,82.5511,108.656,127.011,132.302,107.839,33.1373,33.7692,121.21,98.9529,98.0724,60.7091,113.92,31.1653,54.9033,80.8422,104.87,46.9878,45.605,100.037,96.9984,19.2123,64.5796,89.558,62.8434,67.7689,49.9714,63.6846,58.5839,42.2333,52.8838,26.8232,25.8729,52.9232,60.6262,60.0379,27.828,64.3464,54.1015,0.924802,48.7748,2.43978,44.5796,41.5783,34.3125,16.0405,27.5554,35.5691,32.8607,18.5473,17.0353,22.2508,19.1582,15.1037,12.6864,6.74665,10.3213,4.66192,6.63603,5.65981,3.75241,1.77871,2.76593,2.24893,1.74499,4.65362,-0.029391,-0.029391,-0.029391,-0.029391,-0.029391,-0.029391,-0.029391,-0.029391,-0.029391,-0.029391,-0.029391,-0.029391,-0.029391,-0.029391,-0.029391,-0.029391,-0.029391,-0.029391,-0.029391,-0.029391,-0.029391,-0.029391,-0.029391,-0.029391,-0.029391,-0.029391,-0.029391,-0.029391,-0.029391,-0.029391,-0.029391,-0.029391,-0.029391,-0.029391,-0.029391,-0.029391,-0.029391,-0.029391,-0.029391,-0.029391,-0.029391,-0.029391,-0.029391,-0.029391,-0.029391,-0.029391,-0.029391,-0.029391,-0.029391,-0.029391,-0.029391,-0.029391,-0.029391,-0.029391,-0.029391,-0.029391,-0.029391,-0.029391,-0.029391,-0.029391,-0.029391,-0.029391,-0.029391,-0.029391,-0.029391,-0.029391,-0.029391,-0.029391,-0.029391,-0.029391,-0.029391,-0.029391,-0.029391,-0.029391,-0.029391,-0.029391,-0.029391,-0.029391,-0.029391,-0.029391,-0.029391,-0.029391,-0.029391,-0.029391,-0.029391,-0.029391,-0.029391,-0.029391,-0.029391,-0.029391,-0.029391
"20",18,-0.029391,-0.029391,-0.029391,-0.029391,-0.029391,-0.029391,-0.029391,-0.029391,-0.029391,-0.029391,-0.029391,-0.029391,-0.029391,-0.029391,-0.029391,-0.029391,-0.029391,-0.029391,-0.029391,-0.029391,-0.029391,-0.029391,-0.029391,-0.029391,-0.029391,-0.029391,-0.029391,-0.029391,-0.029391,-0.029391,-0.029391,-0.029391,-0.029391,-0.029391,-0.029391,-0.029391,-0.029391,-0.029391,-0.029391,-0.029391,-0.029391,-0.029391,-0.029391,-0.029391,-0.029391,-0.029391,-0.029391,-0.029391,-0.029391,-0.029391,-0.029391,-0.029391,-0.029391,-0.029391,-0.029391,-0.029391,-0.029391,-0.029391,-0.029391,-0.029391,-0.029391,-0.029391,-0.029391,-0.029391,-0.029391,-0.029391,-0.029391,-0.029391,-0.029391,-0.029391,-0.029391,-0.029391,-0.029391,-0.029391,-0.029391,-0.029391,-0.029391,-0.029391,-0.029391,-0.029391,-0.029391,-0.029391,-0.029391,-0.029391,-0.029391,-0.029391,-0.029391,-0.029391,-0.029391,-0.029391,-0.029391,-0.029391,-0.029391,-0.029391,-0.029391,-0.029391,-0.029391,-0.029391,-0.029391,-0.029391,-0.029391,-0.029391,-0.029391,-0.029391,-0.029391,-0.029391,-0.029391,-0.029391,-0.029391,-0.029391,-0.029391,-0.029391,-0.029391,-0.029391,-0.029391,-0.029391,-0.029391,-0.029391,-0.029391,-0.029391,-0.029391,-0.029391,-0.029391,-0.029391,-0.029391,-0.029391,-0.029391,-0.029391,-0.029391,-0.029391,-0.029391,0.815217,3.30715,1.81381,2.31509,2.30841,2.80874,4.29875,5.31908,5.27945,3.76739,6.30985,6.79479,7.29814,7.30802,6.39358,6.19451,6.608,6.81568,7.36569,7.92807,8.07597,8.18629,8.31455,8.11848,8.66584,10.4532,8.68218,10.1743,8.80817,10.8842,11.113,6.45708,13.1021,12.2912,14.4525,16.2565,14.7179,14.6739,7.23568,16.2956,16.3946,9.41901,17.0984,17.8716,17.2644,20.3048,18.8895,16.8673,16.3183,16.0974,17.3769,4.50994,17.0356,17.9305,8.40592,17.5552,16.7761,16.8878,14.5043,10.1049,14.5012,15.6257,13.2901,13.4349,8.62244,11.1245,11.7179,10.7344,9.71046,10.382,4.62806,8.97624,7.97583,7.53649,5.7911,6.663,6.64071,3.45217,4.63022,5.72659,5.49679,6.15178,3.70908,3.77553,2.23769,2.74733,3.72265,3.21471,1.20961,0.702246,0.224807,-0.029391,-0.029391,-0.029391,-0.029391,-0.029391,-0.029391,-0.029391,-0.029391,-0.029391,-0.029391,-0.029391,-0.029391,-0.029391,-0.029391,-0.029391,-0.029391,-0.029391,-0.029391,-0.029391,-0.029391,-0.029391,-0.029391,-0.029391,-0.029391,-0.029391,-0.029391,-0.029391,-0.029391,-0.029391,-0.029391,-0.029391,-0.029391,-0.029391,-0.029391,-0.029391,-0.029391,-0.029391,-0.029391,-0.029391,-0.029391,-0.029391,-0.029391,-0.029391,-0.029391,-0.029391,-0.029391,-0.029391,-0.029391,-0.029391,-0.029391,-0.029391,-0.029391,-0.029391,-0.029391,-0.029391,-0.029391,-0.029391,-0.029391,-0.029391,-0.029391,-0.029391,-0.029391,-0.029391,-0.029391,-0.029391,-0.029391,-0.029391,-0.029391,-0.029391,-0.029391,-0.029391,-0.029391,-0.029391,-0.029391,-0.029391,-0.029391,-0.029391,-0.029391,-0.029391,-0.029391,-0.029391,-0.029391,-0.029391,-0.029391,-0.029391,-0.029391,-0.029391,-0.029391,-0.029391,-0.029391,-0.029391,-0.029391,-0.029391,-0.029391,-0.029391,-0.029391,-0.029391,-0.029391,-0.029391,-0.029391,-0.029391,-0.029391,-0.029391,-0.029391,-0.029391,-0.029391,-0.029391,-0.029391,-0.029391,-0.029391,-0.029391,-0.029391,-0.029391,-0.029391,-0.029391,-0.029391,-0.029391,-0.029391,-0.029391,-0.029391,-0.029391,-0.029391,-0.029391,-0.029391,-0.029391,-0.029391,-0.029391,-0.029391,-0.029391,-0.029391,-0.029391,-0.029391,-0.029391,-0.029391,-0.029391,-0.029391,-0.029391,-0.029391,-0.029391,-0.029391,-0.029391,-0.029391,-0.029391
"21",19,-0.029391,-0.029391,-0.029391,-0.029391,-0.029391,-0.029391,-0.029391,-0.029391,-0.029391,-0.029391,-0.029391,-0.029391,-0.029391,-0.029391,-0.029391,-0.029391,-0.029391,-0.029391,-0.029391,-0.029391,-0.029391,-0.029391,-0.029391,-0.029391,-0.029391,-0.029391,-0.029391,-0.029391,-0.029391,-0.029391,-0.029391,-0.029391,-0.029391,-0.029391,-0.029391,-0.029391,-0.029391,-0.029391,-0.029391,-0.029391,-0.029391,-0.029391,-0.029391,-0.029391,-0.029391,-0.029391,-0.029391,-0.029391,-0.029391,-0.029391,-0.029391,-0.029391,-0.029391,-0.029391,-0.029391,-0.029391,-0.029391,-0.029391,-0.029391,-0.029391,-0.029391,-0.029391,-0.029391,-0.029391,-0.029391,-0.029391,-0.029391,-0.029391,-0.029391,-0.029391,-0.029391,-0.029391,-0.029391,-0.029391,-0.029391,-0.029391,-0.029391,-0.029391,-0.029391,-0.029391,-0.029391,-0.029391,-0.029391,-0.029391,-0.029391,-0.029391,-0.029391,-0.029391,-0.029391,-0.029391,-0.029391,-0.029391,-0.029391,-0.029391,-0.029391,-0.029391,-0.029391,-0.029391,-0.029391,-0.029391,-0.029391,-0.029391,-0.029391,-0.029391,-0.029391,-0.029391,-0.029391,-0.029391,-0.029391,-0.029391,-0.029391,-0.029391,-0.029391,-0.029391,-0.029391,-0.029391,-0.029391,-0.029391,-0.029391,-0.029391,-0.029391,-0.029391,-0.029391,-0.029391,-0.029391,-0.029391,-0.029391,-0.029391,-0.029391,-0.029391,-0.029391,-0.029391,-0.029391,-0.029391,-0.029391,-0.029391,-0.029391,-0.029391,-0.029391,-0.029391,-0.029391,-0.029391,-0.029391,-0.029391,-0.029391,-0.029391,-0.029391,-0.029391,-0.029391,-0.029391,-0.029391,-0.029391,-0.029391,-0.029391,-0.029391,-0.029391,-0.029391,-0.029391,-0.029391,-0.029391,-0.029391,-0.029391,-0.029391,-0.029391,-0.029391,-0.029391,-0.029391,-0.029391,-0.029391,-0.029391,-0.029391,-0.029391,-0.029391,-0.029391,-0.029391,-0.029391,-0.029391,-0.029391,-0.029391,-0.029391,-0.029391,-0.029391,-0.029391,-0.029391,-0.029391,-0.029391,-0.029391,-0.029391,-0.029391,-0.029391,-0.029391,-0.029391,-0.029391,-0.029391,-0.029391,-0.029391,-0.029391,-0.029391,-0.029391,-0.029391,-0.029391,-0.029391,-0.029391,-0.029391,-0.029391,-0.029391,-0.029391,-0.029391,-0.029391,-0.029391,-0.029391,-0.029391,-0.029391,-0.029391,-0.029391,-0.029391,-0.029391,-0.029391,-0.029391,-0.029391,-0.029391,-0.029391,-0.029391,-0.029391,-0.029391,-0.029391,-0.029391,-0.029391,-0.029391,-0.029391,-0.029391,-0.029391,-0.029391,-0.029391,-0.029391,-0.029391,-0.029391,-0.029391,-0.029391,-0.029391,-0.029391,-0.029391,-0.029391,-0.029391,-0.029391,-0.029391,-0.029391,-0.029391,-0.029391,-0.029391,-0.029391,-0.029391,-0.029391,-0.029391,-0.029391,-0.029391,-0.029391,-0.029391,-0.029391,-0.029391,-0.029391,-0.029391,-0.029391,-0.029391,-0.029391,-0.029391,-0.029391,-0.029391,-0.029391,-0.029391,-0.029391,-0.029391,-0.029391,-0.029391,-0.029391,-0.029391,-0.029391,-0.029391,-0.029391,-0.029391,-0.029391,-0.029391,-0.029391,-0.029391,-0.029391,-0.029391,-0.029391,-0.029391,-0.029391,-0.029391,-0.029391,-0.029391,-0.029391,-0.029391,-0.029391,-0.029391,-0.029391,-0.029391,-0.029391,-0.029391,-0.029391,-0.029391,-0.029391,-0.029391,-0.029391,-0.029391,-0.029391,-0.029391,-0.029391,-0.029391,-0.029391,-0.029391,-0.029391,-0.029391,-0.029391,-0.029391,-0.029391,-0.029391,-0.029391,-0.029391,-0.029391,-0.029391,-0.029391,-0.029391,-0.029391,-0.029391,-0.029391,-0.029391,-0.029391,-0.029391,-0.029391,-0.029391,-0.029391,-0.029391,-0.029391,-0.029391,-0.029391,-0.029391,-0.029391,-0.029391,-0.029391,-0.029391,-0.029391,-0.029391,-0.029391,-0.029391,-0.029391,-0.029391,-0.029391,-0.029391,-0.029391,-0.029391,-0.029391,-0.029391,-0.029391,-0.029391,-0.029391,-0.029391,-0.029391,-0.029391,-0.029391,-0.029391,-0.029391,-0.029391,-0.029391
"22",20,-0.029391,-0.029391,-0.029391,-0.029391,-0.029391,-0.029391,-0.029391,-0.029391,-0.029391,-0.029391,-0.029391,-0.029391,-0.029391,-0.029391,-0.029391,-0.029391,-0.029391,-0.029391,-0.029391,-0.029391,-0.029391,-0.029391,-0.029391,-0.029391,-0.029391,-0.029391,-0.029391,-0.029391,-0.029391,-0.029391,-0.029391,-0.029391,-0.029391,-0.029391,-0.029391,-0.029391,-0.029391,-0.029391,-0.029391,-0.029391,-0.029391,-0.029391,-0.029391,-0.029391,-0.029391,-0.029391,-0.029391,-0.029391,-0.029391,-0.029391,-0.029391,-0.029391,-0.029391,-0.029391,-0.029391,-0.029391,-0.029391,-0.029391,-0.029391,-0.029391,-0.029391,-0.029391,-0.029391,-0.029391,-0.029391,-0.029391,-0.029391,-0.029391,-0.029391,-0.029391,-0.029391,-0.029391,-0.029391,-0.029391,-0.029391,-0.029391,-0.029391,-0.029391,-0.029391,-0.029391,-0.029391,-0.029391,-0.029391,-0.029391,-0.029391,-0.029391,-0.029391,-0.029391,-0.029391,-0.029391,-0.029391,-0.029391,-0.029391,-0.029391,-0.029391,-0.029391,-0.029391,-0.029391,-0.029391,-0.029391,-0.029391,-0.029391,-0.029391,-0.029391,-0.029391,-0.029391,-0.029391,-0.029391,-0.029391,-0.029391,-0.029391,-0.029391,-0.029391,-0.029391,-0.029391,-0.029391,-0.029391,-0.029391,-0.029391,-0.029391,-0.029391,-0.029391,-0.029391,-0.029391,-0.029391,-0.029391,-0.029391,-0.029391,-0.029391,-0.029391,-0.029391,-0.029391,-0.029391,-0.029391,-0.029391,-0.029391,-0.029391,-0.029391,-0.029391,-0.029391,-0.029391,-0.029391,-0.029391,-0.029391,-0.029391,-0.029391,-0.029391,-0.029391,-0.029391,-0.029391,-0.029391,-0.029391,-0.029391,-0.029391,-0.029391,-0.029391,-0.029391,-0.029391,-0.029391,-0.029391,-0.029391,-0.029391,-0.029391,-0.029391,-0.029391,-0.029391,-0.029391,-0.029391,-0.029391,-0.029391,-0.029391,-0.029391,-0.029391,-0.029391,-0.029391,-0.029391,-0.029391,-0.029391,-0.029391,-0.029391,-0.029391,-0.029391,-0.029391,-0.029391,-0.029391,-0.029391,-0.029391,-0.029391,-0.029391,-0.029391,-0.029391,-0.029391,-0.029391,-0.029391,-0.029391,-0.029391,-0.029391,-0.029391,-0.029391,-0.029391,-0.029391,-0.029391,-0.029391,-0.029391,-0.029391,-0.029391,-0.029391,-0.029391,-0.029391,-0.029391,-0.029391,-0.029391,-0.029391,-0.029391,-0.029391,-0.029391,-0.029391,-0.029391,-0.029391,-0.029391,-0.029391,-0.029391,-0.029391,-0.029391,-0.029391,-0.029391,-0.029391,-0.029391,-0.029391,-0.029391,-0.029391,-0.029391,-0.029391,-0.029391,-0.029391,-0.029391,-0.029391,-0.029391,-0.029391,-0.029391,-0.029391,-0.029391,-0.029391,-0.029391,-0.029391,-0.029391,-0.029391,-0.029391,-0.029391,-0.029391,-0.029391,-0.029391,-0.029391,-0.029391,-0.029391,-0.029391,-0.029391,-0.029391,-0.029391,-0.029391,-0.029391,-0.029391,-0.029391,-0.029391,-0.029391,-0.029391,-0.029391,-0.029391,-0.029391,-0.029391,-0.029391,-0.029391,-0.029391,-0.029391,-0.029391,-0.029391,-0.029391,-0.029391,-0.029391,-0.029391,-0.029391,-0.029391,-0.029391,-0.029391,-0.029391,-0.029391,-0.029391,-0.029391,-0.029391,-0.029391,-0.029391,-0.029391,-0.029391,-0.029391,-0.029391,-0.029391,-0.029391,-0.029391,-0.029391,-0.029391,-0.029391,-0.029391,-0.029391,-0.029391,-0.029391,-0.029391,-0.029391,-0.029391,-0.029391,-0.029391,-0.029391,-0.029391,-0.029391,-0.029391,-0.029391,-0.029391,-0.029391,-0.029391,-0.029391,-0.029391,-0.029391,-0.029391,-0.029391,-0.029391,-0.029391,-0.029391,-0.029391,-0.029391,-0.029391,-0.029391,-0.029391,-0.029391,-0.029391,-0.029391,-0.029391,-0.029391,-0.029391,-0.029391,-0.029391,-0.029391,-0.029391,-0.029391,-0.029391,-0.029391,-0.029391,-0.029391,-0.029391,-0.029391,-0.029391,-0.029391,-0.029391,-0.029391,-0.029391,-0.029391,-0.029391,-0.029391,-0.029391,-0.029391,-0.029391,-0.029391,-0.029391,-0.029391,-0.029391,-0.029391,-0.029391
"23",21,-0.029391,-0.029391,-0.029391,-0.029391,-0.029391,-0.029391,-0.029391,-0.029391,-0.029391,-0.029391,-0.029391,-0.029391,-0.029391,-0.029391,-0.029391,-0.029391,-0.029391,-0.029391,-0.029391,-0.029391,-0.029391,-0.029391,-0.029391,-0.029391,-0.029391,-0.029391,-0.029391,-0.029391,-0.029391,-0.029391,-0.029391,-0.029391,-0.029391,-0.029391,-0.029391,-0.029391,-0.029391,-0.029391,-0.029391,-0.029391,-0.029391,-0.029391,-0.029391,-0.029391,-0.029391,-0.029391,-0.029391,-0.029391,-0.029391,-0.029391,-0.029391,-0.029391,-0.029391,-0.029391,-0.029391,-0.029391,-0.029391,-0.029391,-0.029391,-0.029391,-0.029391,-0.029391,-0.029391,-0.029391,-0.029391,-0.029391,-0.029391,-0.029391,-0.029391,-0.029391,-0.029391,-0.029391,-0.029391,-0.029391,-0.029391,-0.029391,-0.029391,-0.029391,-0.029391,-0.029391,-0.029391,-0.029391,-0.029391,-0.029391,-0.029391,-0.029391,-0.029391,-0.029391,-0.029391,-0.029391,-0.029391,-0.029391,-0.029391,-0.029391,-0.029391,-0.029391,-0.029391,-0.029391,-0.029391,-0.029391,-0.029391,-0.029391,-0.029391,-0.029391,-0.029391,-0.029391,-0.029391,-0.029391,-0.029391,-0.029391,-0.029391,-0.029391,-0.029391,-0.029391,-0.029391,-0.029391,-0.029391,-0.029391,-0.029391,-0.029391,-0.029391,-0.029391,-0.029391,-0.029391,-0.029391,-0.029391,-0.029391,-0.029391,-0.029391,-0.029391,-0.029391,-0.029391,-0.029391,-0.029391,-0.029391,-0.029391,-0.029391,-0.029391,-0.029391,-0.029391,-0.029391,-0.029391,-0.029391,-0.029391,-0.029391,-0.029391,-0.029391,-0.029391,-0.029391,-0.029391,-0.029391,-0.029391,-0.029391,-0.029391,-0.029391,-0.029391,-0.029391,-0.029391,-0.029391,-0.029391,-0.029391,-0.029391,-0.029391,-0.029391,-0.029391,-0.029391,-0.029391,-0.029391,-0.029391,-0.029391,-0.029391,-0.029391,-0.029391,-0.029391,-0.029391,-0.029391,-0.029391,-0.029391,-0.029391,-0.029391,-0.029391,-0.029391,-0.029391,-0.029391,-0.029391,-0.029391,-0.029391,-0.029391,-0.029391,-0.029391,-0.029391,-0.029391,-0.029391,-0.029391,-0.029391,-0.029391,-0.029391,-0.029391,-0.029391,-0.029391,-0.029391,-0.029391,-0.029391,-0.029391,-0.029391,-0.029391,-0.029391,-0.029391,-0.029391,-0.029391,-0.029391,-0.029391,-0.029391,-0.029391,-0.029391,-0.029391,-0.029391,-0.029391,-0.029391,-0.029391,-0.029391,-0.029391,-0.029391,-0.029391,-0.029391,-0.029391,-0.029391,-0.029391,-0.029391,-0.029391,-0.029391,-0.029391,-0.029391,-0.029391,-0.029391,-0.029391,-0.029391,-0.029391,-0.029391,-0.029391,-0.029391,-0.029391,-0.029391,-0.029391,-0.029391,-0.029391,-0.029391,-0.029391,-0.029391,-0.029391,-0.029391,-0.029391,-0.029391,-0.029391,-0.029391,-0.029391,-0.029391,-0.029391,-0.029391,-0.029391,-0.029391,-0.029391,-0.029391,-0.029391,-0.029391,-0.029391,-0.029391,-0.029391,-0.029391,-0.029391,-0.029391,-0.029391,-0.029391,-0.029391,-0.029391,-0.029391,-0.029391,-0.029391,-0.029391,-0.029391,-0.029391,-0.029391,-0.029391,-0.029391,-0.029391,-0.029391,-0.029391,-0.029391,-0.029391,-0.029391,-0.029391,-0.029391,-0.029391,-0.029391,-0.029391,-0.029391,-0.029391,-0.029391,-0.029391,-0.029391,-0.029391,-0.029391,-0.029391,-0.029391,-0.029391,-0.029391,-0.029391,-0.029391,-0.029391,-0.029391,-0.029391,-0.029391,-0.029391,-0.029391,-0.029391,-0.029391,-0.029391,-0.029391,-0.029391,-0.029391,-0.029391,-0.029391,-0.029391,-0.029391,-0.029391,-0.029391,-0.029391,-0.029391,-0.029391,-0.029391,-0.029391,-0.029391,-0.029391,-0.029391,-0.029391,-0.029391,-0.029391,-0.029391,-0.029391,-0.029391,-0.029391,-0.029391,-0.029391,-0.029391,-0.029391,-0.029391,-0.029391,-0.029391,-0.029391,-0.029391,-0.029391,-0.029391,-0.029391,-0.029391,-0.029391,-0.029391,-0.029391,-0.029391,-0.029391,-0.029391,-0.029391,-0.029391,-0.029391,-0.029391,-0.029391
"24",22,-0.029391,-0.029391,-0.029391,-0.029391,-0.029391,-0.029391,-0.029391,-0.029391,-0.029391,-0.029391,-0.029391,-0.029391,-0.029391,-0.029391,-0.029391,-0.029391,-0.029391,-0.029391,-0.029391,-0.029391,-0.029391,-0.029391,-0.029391,-0.029391,-0.029391,-0.029391,-0.029391,-0.029391,-0.029391,-0.029391,-0.029391,-0.029391,-0.029391,-0.029391,-0.029391,-0.029391,-0.029391,-0.029391,-0.029391,-0.029391,-0.029391,-0.029391,-0.029391,-0.029391,-0.029391,-0.029391,-0.029391,-0.029391,-0.029391,-0.029391,-0.029391,-0.029391,-0.029391,-0.029391,-0.029391,-0.029391,-0.029391,-0.029391,-0.029391,-0.029391,-0.029391,-0.029391,-0.029391,-0.029391,-0.029391,-0.029391,-0.029391,-0.029391,-0.029391,-0.029391,-0.029391,-0.029391,-0.029391,-0.029391,-0.029391,-0.029391,-0.029391,-0.029391,-0.029391,-0.029391,-0.029391,-0.029391,-0.029391,-0.029391,-0.029391,-0.029391,-0.029391,-0.029391,-0.029391,-0.029391,-0.029391,-0.029391,-0.029391,-0.029391,-0.029391,-0.029391,-0.029391,-0.029391,-0.029391,-0.029391,-0.029391,-0.029391,-0.029391,-0.029391,-0.029391,-0.029391,-0.029391,-0.029391,-0.029391,-0.029391,-0.029391,-0.029391,-0.029391,-0.029391,-0.029391,-0.029391,-0.029391,-0.029391,-0.029391,-0.029391,-0.029391,-0.029391,-0.029391,-0.029391,-0.029391,-0.029391,-0.029391,-0.029391,-0.029391,-0.029391,-0.029391,-0.029391,-0.029391,-0.029391,-0.029391,-0.029391,-0.029391,-0.029391,-0.029391,-0.029391,-0.029391,-0.029391,-0.029391,-0.029391,-0.029391,-0.029391,-0.029391,-0.029391,-0.029391,-0.029391,-0.029391,-0.029391,-0.029391,-0.029391,-0.029391,-0.029391,-0.029391,-0.029391,-0.029391,-0.029391,-0.029391,-0.029391,-0.029391,-0.029391,-0.029391,-0.029391,-0.029391,-0.029391,-0.029391,-0.029391,-0.029391,-0.029391,-0.029391,-0.029391,-0.029391,-0.029391,-0.029391,-0.029391,-0.029391,-0.029391,-0.029391,-0.029391,-0.029391,-0.029391,-0.029391,-0.029391,-0.029391,-0.029391,-0.029391,-0.029391,-0.029391,-0.029391,-0.029391,-0.029391,-0.029391,-0.029391,-0.029391,-0.029391,-0.029391,-0.029391,-0.029391,-0.029391,-0.029391,-0.029391,-0.029391,-0.029391,-0.029391,-0.029391,-0.029391,-0.029391,-0.029391,-0.029391,-0.029391,-0.029391,-0.029391,-0.029391,-0.029391,-0.029391,-0.029391,-0.029391,-0.029391,-0.029391,-0.029391,-0.029391,-0.029391,-0.029391,-0.029391,-0.029391,-0.029391,-0.029391,-0.029391,-0.029391,-0.029391,-0.029391,-0.029391,-0.029391,-0.029391,-0.029391,-0.029391,-0.029391,-0.029391,-0.029391,-0.029391,-0.029391,-0.029391,-0.029391,-0.029391,-0.029391,-0.029391,-0.029391,-0.029391,-0.029391,-0.029391,-0.029391,-0.029391,-0.029391,-0.029391,-0.029391,-0.029391,-0.029391,-0.029391,-0.029391,-0.029391,-0.029391,-0.029391,-0.029391,-0.029391,-0.029391,-0.029391,-0.029391,-0.029391,-0.029391,-0.029391,-0.029391,-0.029391,-0.029391,-0.029391,-0.029391,-0.029391,-0.029391,-0.029391,-0.029391,-0.029391,-0.029391,-0.029391,-0.029391,-0.029391,-0.029391,-0.029391,-0.029391,-0.029391,-0.029391,-0.029391,-0.029391,-0.029391,-0.029391,-0.029391,-0.029391,-0.029391,-0.029391,-0.029391,-0.029391,-0.029391,-0.029391,-0.029391,-0.029391,-0.029391,-0.029391,-0.029391,-0.029391,-0.029391,-0.029391,-0.029391,-0.029391,-0.029391,-0.029391,-0.029391,-0.029391,-0.029391,-0.029391,-0.029391,-0.029391,-0.029391,-0.029391,-0.029391,-0.029391,-0.029391,-0.029391,-0.029391,-0.029391,-0.029391,-0.029391,-0.029391,-0.029391,-0.029391,-0.029391,-0.029391,-0.029391,-0.029391,-0.029391,-0.029391,-0.029391,-0.029391,-0.029391,-0.029391,-0.029391,-0.029391,-0.029391,-0.029391,-0.029391,-0.029391,-0.029391,-0.029391,-0.029391,-0.029391,-0.029391,-0.029391,-0.029391,-0.029391,-0.029391,-0.029391,-0.029391,-0.029391,-0.029391,-0.029391
"25",23,-0.029391,-0.029391,-0.029391,-0.029391,-0.029391,-0.029391,-0.029391,-0.029391,-0.029391,-0.029391,-0.029391,-0.029391,-0.029391,-0.029391,-0.029391,-0.029391,-0.029391,-0.029391,-0.029391,-0.029391,-0.029391,-0.029391,-0.029391,-0.029391,-0.029391,-0.029391,-0.029391,-0.029391,-0.029391,-0.029391,-0.029391,-0.029391,-0.029391,-0.029391,-0.029391,-0.029391,-0.029391,-0.029391,-0.029391,-0.029391,-0.029391,-0.029391,-0.029391,-0.029391,-0.029391,-0.029391,-0.029391,-0.029391,-0.029391,-0.029391,-0.029391,-0.029391,-0.029391,-0.029391,-0.029391,-0.029391,-0.029391,-0.029391,-0.029391,-0.029391,-0.029391,-0.029391,-0.029391,-0.029391,-0.029391,-0.029391,-0.029391,-0.029391,-0.029391,-0.029391,-0.029391,-0.029391,-0.029391,-0.029391,-0.029391,-0.029391,-0.029391,-0.029391,-0.029391,-0.029391,-0.029391,-0.029391,-0.029391,-0.029391,-0.029391,-0.029391,-0.029391,-0.029391,-0.029391,-0.029391,-0.029391,-0.029391,-0.029391,-0.029391,-0.029391,-0.029391,-0.029391,-0.029391,-0.029391,-0.029391,-0.029391,-0.029391,-0.029391,-0.029391,-0.029391,-0.029391,-0.029391,-0.029391,-0.029391,-0.029391,-0.029391,-0.029391,-0.029391,-0.029391,-0.029391,-0.029391,-0.029391,-0.029391,-0.029391,-0.029391,-0.029391,-0.029391,-0.029391,-0.029391,-0.029391,-0.029391,-0.029391,-0.029391,-0.029391,-0.029391,-0.029391,-0.029391,-0.029391,-0.029391,-0.029391,-0.029391,-0.029391,-0.029391,-0.029391,-0.029391,-0.029391,-0.029391,-0.029391,-0.029391,-0.029391,-0.029391,-0.029391,-0.029391,-0.029391,-0.029391,-0.029391,-0.029391,-0.029391,-0.029391,-0.029391,-0.029391,-0.029391,-0.029391,-0.029391,-0.029391,-0.029391,-0.029391,-0.029391,-0.029391,-0.029391,-0.029391,-0.029391,-0.029391,-0.029391,-0.029391,-0.029391,-0.029391,-0.029391,-0.029391,-0.029391,-0.029391,-0.029391,-0.029391,-0.029391,-0.029391,-0.029391,-0.029391,-0.029391,-0.029391,-0.029391,-0.029391,-0.029391,-0.029391,-0.029391,-0.029391,-0.029391,-0.029391,-0.029391,-0.029391,-0.029391,-0.029391,-0.029391,-0.029391,-0.029391,-0.029391,-0.029391,-0.029391,-0.029391,-0.029391,-0.029391,-0.029391,-0.029391,-0.029391,-0.029391,-0.029391,-0.029391,-0.029391,-0.029391,-0.029391,-0.029391,-0.029391,-0.029391,-0.029391,-0.029391,-0.029391,-0.029391,-0.029391,-0.029391,-0.029391,-0.029391,-0.029391,-0.029391,-0.029391,-0.029391,-0.029391,-0.029391,-0.029391,-0.029391,-0.029391,-0.029391,-0.029391,-0.029391,-0.029391,-0.029391,-0.029391,-0.029391,-0.029391,-0.029391,-0.029391,-0.029391,-0.029391,-0.029391,-0.029391,-0.029391,-0.029391,-0.029391,-0.029391,-0.029391,-0.029391,-0.029391,-0.029391,-0.029391,-0.029391,-0.029391,-0.029391,-0.029391,-0.029391,-0.029391,-0.029391,-0.029391,-0.029391,-0.029391,-0.029391,-0.029391,-0.029391,-0.029391,-0.029391,-0.029391,-0.029391,-0.029391,-0.029391,-0.029391,-0.029391,-0.029391,-0.029391,-0.029391,-0.029391,-0.029391,-0.029391,-0.029391,-0.029391,-0.029391,-0.029391,-0.029391,-0.029391,-0.029391,-0.029391,-0.029391,-0.029391,-0.029391,-0.029391,-0.029391,-0.029391,-0.029391,-0.029391,-0.029391,-0.029391,-0.029391,-0.029391,-0.029391,-0.029391,-0.029391,-0.029391,-0.029391,-0.029391,-0.029391,-0.029391,-0.029391,-0.029391,-0.029391,-0.029391,-0.029391,-0.029391,-0.029391,-0.029391,-0.029391,-0.029391,-0.029391,-0.029391,-0.029391,-0.029391,-0.029391,-0.029391,-0.029391,-0.029391,-0.029391,-0.029391,-0.029391,-0.029391,-0.029391,-0.029391,-0.029391,-0.029391,-0.029391,-0.029391,-0.029391,-0.029391,-0.029391,-0.029391,-0.029391,-0.029391,-0.029391,-0.029391,-0.029391,-0.029391,-0.029391,-0.029391,-0.029391,-0.029391,-0.029391,-0.029391,-0.029391,-0.029391,-0.029391,-0.029391,-0.029391,-0.029391,-0.029391,-0.029391,-0.029391
